player_id,matches_played
73ad96ed,125
c38d3503,32
1e66c162,116
acee4cc4,59
23eeb873,103
0a3d54b9,52
68c56d09,15
0f721006,57
caf69bf7,16
a24be938,68
844e79d1,27
46a9bea1,53
3d8feaf8,68
7dcb9bc9,64
b5797845,31
989889ff,17
cc61ee8f,8
f3cb53a1,31
bff458c6,7
855a210c,35
2815fe50,21
45c2196c,27
c15e2193,12
c8179c68,59
8fd1a8f5,95
95a2ea61,20
4ec07775,29
b63ab531,17
3edb58fc,13
53f27a35,9
f3171936,17
addbde6c,10
f4cb4f53,4
fd835ab3,64
1c2a64cd,31
aa8d28ae,18
4c5d73db,21
798cc28e,7
8361e524,2
9f77963a,2
a3b0600d,24
d4f9dbd4,30
99b202b3,12
c6097d68,4
1ee08e9a,4
ff1e68fa,3
8db7f47f,6
d45c29b1,10
e03b66ec,8
ef5da05c,12
d4eef961,5
9a963804,7
cb9b8664,3
710dd98c,5
fb693839,9
d2d4bb0a,5
d2340a43,8
272d796e,3
36619795,10
641ac5ff,8
33ffc3dd,1
c695b423,2
2503e881,1
d7a57f75,2
0404d43c,1
266849c1,1
e186f49c,1
b69e69ed,1
ded9240e,80
fb66ce1f,81
12b610c2,53
f62772e5,50
a757b0d8,189
f834dcfc,28
9948e262,3
13c35c9e,54
eaa76d3c,43
d1a60072,45
d014d5ac,31
3d284ca3,40
08548b13,5
e4cdf230,25
b483905d,12
d84378a4,29
75de770f,3
d2c2b2d5,78
2728e7e9,13
72861603,29
a84468fe,7
9170ff49,11
1da489ff,10
aad0c365,42
3a02626a,5
5451a2c1,23
b970a03f,4
4e04666c,16
f752db61,10
69d03465,3
3c28853f,1
f5f18a18,8
012829ff,3
52294a79,2
11061889,4
b2a79f17,9
3dba85c2,12
287686fd,7
dee07622,1
c3c92b42,2
38f2c66c,2
441c72ae,1
890946a0,113
759ac88f,120
bd17b45f,95
91a4a398,99
fe11caa6,169
271f83cd,179
d9273ee7,123
8cf9814c,132
e62dd25d,101
d67d5f00,152
2f49c897,125
b4b99816,134
e94915e6,64
6eb146d2,41
2c25d4f5,90
2cdce1be,20
44a89551,10
b0482a1d,68
3241e3fd,104
9440ef41,39
a90e53ec,9
73c18486,13
eade4650,15
44aac2f0,6
2498e163,21
626c5379,34
d2a989fc,92
f842c2cf,6
808f425a,60
90edaaa9,11
f846de6a,15
18e6906e,5
c03e2850,56
25f7b7d6,2
64839cb3,33
dadbdb68,6
280fff14,11
9ab63e7b,8
af7dadf7,15
acc1aeda,9
3c55c703,9
19b9f399,1
025c4400,5
d8d67045,3
0bf15e52,1
e1d9ae9c,1
ada15e88,2
00ea847a,130
14f96089,22
508a1ea7,71
dcf81436,55
b681e71e,141
9d80c5e1,72
a9fd84fb,40
4329fbb5,145
62af8546,24
a12e1d51,122
372455c4,118
e412cb64,8
5b7ab5a9,94
c8f5f961,24
81c08fa3,26
0a67aec0,14
9385de2e,11
cd8d2859,6
77b1aa15,33
ae78bc32,44
93a17209,17
3eac9d95,18
e1d1b294,36
16043342,10
abfeb126,56
c42aaf71,55
b720a5d6,32
c64c2443,11
896d78ad,49
b57f8a9a,66
69be866a,23
dc9dd038,20
60500956,9
ee1b6c27,8
13fc5c6d,23
f663ef00,3
dc4686e6,17
29d72eb2,13
ade90de7,1
cedc1d9a,5
a343262c,3
18c78b11,6
531f0278,2
99258814,1
dbc50253,3
548516a6,1
92500ad5,2
449f4e3c,2
9a5f2863,1
b0c772ee,1
21ac077a,1
245c97cb,10
919a3be2,139
1abb78f8,114
b8a55852,109
7d92277a,20
5f547c8b,153
495d42a5,219
77255a9e,100
56ab442f,39
9eb1455b,17
4933f499,17
670709ec,4
3d7e087f,76
fdedb37c,11
9f961c14,16
d0513f63,47
3576e47e,94
1c914163,132
0184dc35,89
a45a5e8d,60
b2570b38,13
12eddf28,37
7daedf2f,17
ad427b5c,27
1fc6ef83,9
f836b33d,3
35f173a0,1
7d415ea5,10
ee7d0c82,14
d7b3a420,8
a2870fb7,9
d68e7f48,12
5724e517,1
03a83c50,3
6165bca6,3
44afbf2d,3
3cea23da,8
39ed0d2f,3
1b7b0fa7,3
2eeb4370,1
62e07f92,1
6821ac10,3
eaa90ab4,1
ddb00822,1
e3851766,1
94d7f855,25
32198ae0,62
f088b960,58
d027ba9f,79
a818c1be,124
7dc35884,71
e2db2409,44
39086549,5
1399b39c,9
6c19c6e5,82
765a4731,24
8d92a2c3,5
378daa89,12
ffe699c0,34
c33d8116,31
9caf69a1,28
3b53243a,13
c5aef772,33
e938e1bc,119
619aa81f,8
5f4e9e8f,10
20a941bb,9
f0f628c7,63
2a72fd4f,27
64a4c383,2
a3ecf01f,3
4f629497,8
48fd7349,59
7bf96684,23
05c2ca46,21
9a158001,23
dfc4d8b5,15
3fb19989,58
89f64c19,29
85aae393,49
1a2676c5,3
e38bce7a,5
cf0ccafa,9
e48a4814,3
622cc511,5
ae091d39,20
2e11c706,21
11614d87,7
9b6e1b3f,15
e148e6bd,6
acd4f5dc,9
40caa465,4
11df3dc8,12
529eb9e0,8
50758325,2
f24ca2ba,3
b51f72a5,1
b52ffbbd,5
5b16a806,1
a03bba42,5
1cb14aa4,1
b63e358a,4
8dc152d1,1
798934ea,1
39f82db3,4
db584dad,141
afe3355a,1
8b5b6769,163
9d430b40,201
85e0cf10,78
0a509d6b,72
f986ca1a,123
c740ea83,57
6a26221c,69
12314277,27
4ae1755b,11
ad3b6e95,36
4663bd23,6
9ca68676,11
d18f9182,80
8ba8195d,104
fe763256,65
3fca55af,22
709b0bac,92
f708a0bc,21
2461eef2,12
5d9a1a73,44
f18ba07f,7
b4f5c2d9,12
f9e6e7ef,63
9219eff0,14
0bacade8,18
f233bbb4,30
ee3dfa89,1
76388dc8,12
0fa5042b,5
b552a935,15
6f49cc6e,5
1558d83b,3
e798611a,16
1e030637,5
469ea22b,5
107c26fb,4
26ff4c29,5
24d94623,22
5748e866,2
94eac556,2
53fe6ee4,2
c2dd89ea,1
e1b9f3a9,1
dcce6f09,184
85ec8e33,147
ce820073,142
e342e5fb,16
1c17e270,205
29e95537,212
1a156c88,7
b410bd3d,9
5d2eea49,34
a2f46292,76
be869ccf,5
c05edf8e,51
50c6bc2b,51
d1c36f5c,21
efc04be7,51
a457cfb5,8
ebcfef83,9
4d7f517e,8
59559bc2,13
f12fe2a1,2
3ff033bb,10
b61a3e1a,55
de8cce37,20
c404f58a,29
dd09ff8e,38
2e8994e7,83
af2c687b,13
fa2f1dde,9
28c78fb3,9
64c34cd0,7
dded65e7,7
cf59b3f0,10
a386e91b,8
4d6d6280,7
260fd380,7
91b9300b,2
e96801ea,1
63bff7f9,3
7d3720ba,1
97290faf,1
c9cac448,1
2b801189,1
67af6f81,1
3c6ffae8,174
30a45b23,103
7a8bd078,52
26989d80,54
249d60c9,3
9418198b,66
3204c99f,14
f0af99a7,18
33a364a6,95
0c2730df,42
725529bc,59
b2b50355,73
91ffa6c6,29
e249fdaa,7
41eb4a4f,104
23ac69e6,7
7ca5e05d,24
6b71e6cf,71
0c94f480,21
51a3c5ef,56
9a0146b3,5
8d2c70ad,111
ff1e12a0,6
e84ac20c,9
b9be6507,8
d872f52a,5
6834d1f2,6
bd54eef5,13
6afb26d6,18
e0407c01,25
fef92afc,2
1be70c88,3
756389bd,9
8998a68f,4
4180d897,5
8ac93ca2,2
cfa4bd2b,2
fdf7491e,1
b2b23612,2
f2c936d7,1
93b4fc78,180
98ae73b1,192
2e81a32d,206
c18496e1,33
871e9faf,25
eef2536f,82
92aeac25,6
b0946605,22
a1d053dd,6
d2a6c0e6,83
81c36ee9,49
327b58d3,21
800d2d97,71
0494fa6e,7
f24c6701,38
663b5e34,6
fcc21ace,25
c1e53c3f,6
fe366f34,14
0264c10e,6
96fd40ae,88
ab89348d,20
c3d35165,90
7050a1e7,31
5d096f3d,27
d7c6af50,34
fa463154,42
39f01cdb,36
30a2649b,13
957532de,38
65b6943c,2
e9c7f0d0,12
5b615e7c,6
5f5d3ad4,2
0f12f9df,37
edb3d4f8,11
30df8c66,14
cdc6bdba,10
5ffc0565,19
943fd425,1
249abedf,1
a76d10ba,7
7d3937ed,6
888e32bf,1
cfad138c,5
6dbcf855,3
dd7e9b3b,4
2c76b512,6
4d5a1617,3
ddc0828d,3
bdadf7da,1
f21043a5,2
0164b064,1
6c79c098,2
0ed0cdbf,1
0a476045,222
740742ef,281
944533a5,86
0994d0ae,78
fe93fd9d,267
a4e37e47,92
c03f1114,257
5574750c,68
04a418e8,97
8e514b4c,71
70d205c9,204
4125d931,22
f1f99156,66
f6d8a7ab,16
6b2ff18f,20
a97c8ec2,37
83c3e8e3,12
172dff15,9
88fccd6c,13
bcce309e,13
bd77eb62,39
6581d753,5
c69a7b5c,22
16605a1b,1
9b4935c8,9
27e71d47,3
94253925,24
1a0c3177,33
c03c6200,22
b56dc5f7,7
81049310,20
23cca426,6
1ac746c8,10
e66732f8,26
80b2fb19,20
d7423da1,14
0604ef16,12
de8d3876,18
881a9bdd,3
2af1b6d2,17
0c432afb,8
dddca1d6,8
9868bc75,3
51ec3919,1
926c7443,4
69762509,1
030f3089,3
0af3426f,1
b274dbbd,4
9e7225b0,3
d3611425,1
9d704f6f,2
a1d95bd8,2
10a91f35,3
611926bc,1
1763bc6c,1
402f8494,3
2e9fdf9b,1
fdcb08c2,2
a4cc73aa,190
f5180fe6,54
dbe50b21,162
c4487b84,183
45eda7c8,42
0ebfb1ad,27
bbd41817,139
cc1e8c68,148
57ee1fde,189
f29185a1,92
bb965e9a,23
e4a0deae,35
26a85969,39
650d5e49,39
872b03f7,66
7f048519,11
0890552f,27
bcf325d2,57
4b31f3a3,22
ba5e1069,18
d7017798,35
9a46c4e5,14
7c3c0337,5
7b44eb3e,13
4ba44e19,66
9fc0ef64,42
eea6b7f1,10
6b8eb6e5,44
c24a2c5d,14
4b57e452,106
5afd4539,39
3a60e0b5,33
8291f939,29
addfb70e,21
df5a6881,29
26d041c4,9
c0c411cb,18
7b679de5,11
6ef60d3a,9
4c4fa80b,8
e86754b2,13
cad00a4d,22
8b9704ae,3
57ca01b3,5
1c84109e,10
cbf58a86,5
25228673,11
82c10dac,3
8a668774,8
14b14cd8,1
f48cf4da,2
7023d182,2
5d1e7582,1
c9d33ef5,1
bae11797,2
ba607b88,282
35205dfc,91
99b75528,138
26e5cabf,98
b5da6c24,139
983f2f61,14
6b19d823,162
b17e2f24,160
48a1d7b7,94
21d4e29b,34
39a2dfa8,124
244048f6,97
ce794613,74
da934ee8,40
9061a703,11
4885bbe6,9
235c2bb6,64
7210d461,43
afa7e784,15
2cffab74,42
d5130a30,57
50c09020,6
465aa633,18
d8699ab7,32
facb9086,11
5bdcdb72,51
66b30f71,78
2b6e6dec,80
25eeb281,23
86dc8f2e,98
e32d22f6,17
d3a3e82d,3
30e37810,6
557153ca,25
605b7efa,7
5056011d,40
fb24e76c,1
b8527c3d,25
02dfebbe,8
6ec424a9,4
063b3673,25
75224f22,8
de4b0555,7
9601c534,1
970ddd24,12
ed5a5510,5
caa89a48,2
2bb09eb2,1
aedc3b7c,4
a9da7784,5
aa5d8c9e,1
c27b5a0e,2
c96f6ac5,1
7c390b03,1
6042bf26,1
462411b3,158
7c7d63a2,30
99d63244,95
119678fd,90
4a8a2e3b,277
df064e1a,86
3355b542,154
abb83e27,52
03806cf8,52
be24ead0,38
752f7486,134
c16d4035,30
0c9652b0,13
64775749,18
2e171977,177
8f6dd463,20
bb18be76,55
4b4d1957,2
5fa06777,103
57efa3be,12
6c6591ab,92
0aadc906,16
66cf56a5,16
7c503806,34
6aed7e79,33
2be41edb,13
bf74b130,11
133bbd61,13
9e6032fa,2
ece7b6b3,7
7eae4418,8
297b26da,8
ea0cdc12,10
9ff100a6,2
f4f0fafd,5
6ad3a659,6
7bb62642,5
3ae3f034,8
dce2019b,3
d621b427,1
fb2d1dda,127
c3a96caf,111
5b8c830e,158
87e562a9,160
bb345e0b,154
1dc12ab9,204
2a2e6343,49
bb351c23,73
541f85c9,31
2ed569a0,80
e087956b,45
45a43fe2,85
2f9d0389,52
7c3b3b78,43
4bd09374,17
5750bcb4,22
c3d1402f,82
e0351c86,3
a1f1829d,22
2049f3a0,14
b2ae53f5,6
5bb5a915,70
662c47a6,26
cf73ad76,20
cca50cd6,7
f10e94c4,14
a316d663,6
ad9c32a2,1
6c882e9a,13
85b3fab2,47
54e52590,26
470f446b,23
16dfcc19,6
d1c94b25,7
c995d726,15
26d76ad9,3
ff077124,6
4353bba5,11
1efb8a28,7
bafd0398,4
0d232ffd,4
78eb4223,2
86ae8ef2,1
faa7365d,2
b822e99c,2
0b60eb09,2
d4d929b0,1
60aa2db3,2
cc777ffa,1
62175638,1
b8d490fd,92
8abdf100,30
f19ccfad,83
0a8fce53,60
5bb1a1c4,117
8b3e9c7c,79
db31895a,29
350bb1b1,11
ba6b2f91,8
90de905a,36
c7a995d3,28
fffa744b,37
b1ad996b,10
84d9c311,32
b2b4f545,13
f89d3b11,25
2d140b79,4
0dc00542,10
36d33dd0,4
0a4ebc61,2
034b4b7d,19
b1451597,47
5f26df4f,13
aaa1b522,43
dec8e038,10
d92e42f5,13
c654af19,18
d718440b,9
5b040b81,23
1647bd37,9
d8b2f218,24
d167edd3,2
99ed60f8,4
ac5ae4af,10
acdc62f5,49
b0f2baf4,6
fb5f69e4,5
890de8cb,4
64d43928,11
ce4cc4d5,2
331ea488,6
864c199e,9
2e78f685,12
8ee36b18,10
342d8ade,10
a7c226e1,6
5673a3fc,2
27af6414,8
e5437608,3
94bc776b,3
2f3817ce,3
c28e9f12,1
de7d833e,1
33cb3411,1
