player_id,display_name,matches,innings,not_outs,runs,balls,highest_score,highest_not_out,average,strike_rate,fours,sixes,fifties,hundreds,ducks
bbd41817,AD Russell,139,114,20,2651,1522,88,true,28.2,174.18,186,223,12,0,6
24d94623,Ankit Sharma,22,10,3,87,67,30,false,12.43,129.85,7,4,0,0,1
c03e2850,M Vohra,56,51,2,1083,829,95,false,22.1,130.64,104,43,3,0,3
30a45b23,SPD Smith,103,93,21,2485,1940,101,false,34.51,128.09,225,60,11,1,1
709b0bac,SS Tiwary,92,73,21,1494,1244,61,false,28.73,120.1,111,50,8,0,1
7c7d63a2,AJ Tye,30,13,4,91,76,25,false,10.11,119.74,6,5,0,0,2
cc1e8c68,UT Yadav,148,48,27,208,201,24,true,9.9,103.48,16,9,0,0,8
39a2dfa8,R Tewatia,124,91,37,1302,943,68,false,24.11,138.07,110,62,2,0,3
350bb1b1,AF Milne,11,7,3,25,31,15,false,6.25,80.65,0,1,0,0,1
c05edf8e,Harpreet Brar,51,27,15,249,206,29,false,20.75,120.87,20,10,0,0,1
6c882e9a,PBB Rajapaksa,13,13,1,277,191,50,false,23.08,145.03,22,15,1,0,1
9418198b,P Simran Singh,66,65,2,1865,1189,103,false,29.6,156.85,196,94,14,1,5
0a67aec0,Akash Deep,14,5,2,25,14,17,false,8.33,178.57,2,2,0,0,2
81c36ee9,M Jansen,49,25,10,192,174,34,true,12.8,110.34,9,9,0,0,3
3d8feaf8,MR Marsh,68,62,2,1855,1249,117,false,30.92,148.52,155,111,12,2,7
e148e6bd,PR Veer,6,5,3,90,67,43,false,45.0,134.33,10,3,0,0,0
7eae4418,Misbah-ul-Haq,8,8,1,117,81,47,true,16.71,144.44,10,6,0,0,2
4ba44e19,M Muralitharan,66,9,3,20,30,6,false,3.33,66.67,1,0,0,0,2
0dc00542,Shahid Afridi,10,9,1,81,46,33,false,10.13,176.09,7,6,0,0,1
91ffa6c6,JD Ryder,29,29,1,604,458,86,false,21.57,131.88,69,19,4,0,4
280fff14,Sakib Hussain,11,1,1,5,7,5,true,,71.43,1,0,0,0,0
ae78bc32,MS Gony,44,15,6,99,71,42,false,11.0,139.44,6,8,0,0,2
ab89348d,MF Maharoof,20,14,4,177,123,39,false,17.7,143.9,12,9,0,0,2
0c94f480,UBT Chand,21,20,0,300,300,58,false,15.0,100.0,32,9,1,0,4
4ec07775,RN ten Doeschate,29,21,7,326,235,70,true,23.29,138.72,26,15,1,0,3
2be41edb,MJ Guptill,13,13,1,270,196,50,true,22.5,137.76,24,15,1,0,1
f89d3b11,Sameer Rizvi,25,18,4,424,293,90,false,30.29,144.71,30,26,3,0,3
9a158001,Azhar Mahmood,23,21,2,388,303,80,false,20.42,128.05,39,13,2,0,2
de8d3876,M Rawat,18,11,6,55,69,23,true,11.0,79.71,4,1,0,0,1
91b9300b,UA Birla,2,1,0,7,14,7,false,7.0,50.0,1,0,0,0,0
4e04666c,YV Takawale,16,10,2,192,178,45,false,24.0,107.87,26,3,0,0,2
b63e358a,RK Bhui,4,4,0,10,26,7,false,2.5,38.46,0,0,0,0,2
36d33dd0,RR Sarwan,4,4,0,73,75,31,false,18.25,97.33,6,1,0,0,0
66cf56a5,A Mithun,16,6,1,34,26,11,false,6.8,130.77,4,1,0,0,1
6821ac10,JJ van der Wath,3,3,1,18,16,14,true,9.0,112.5,1,1,0,0,1
ce794613,T Natarajan,74,3,3,4,7,3,true,,57.14,0,0,0,0,0
4353bba5,YA Abdulla,11,1,1,0,1,0,true,,0.0,0,0,0,0,0
0a3d54b9,VR Aaron,52,12,7,50,72,17,true,10.0,69.44,2,2,0,0,1
8f6dd463,Azmatullah Omarzai,20,11,1,151,101,38,false,15.1,149.5,11,10,0,0,0
9ab63e7b,Mohammad Hafeez,8,8,1,64,83,16,false,9.14,77.11,7,2,0,0,0
26ff4c29,RJ Peterson,5,5,2,32,30,16,true,10.67,106.67,3,1,0,0,1
7daedf2f,KB Arun Karthik,17,8,3,51,51,19,true,10.2,100.0,4,1,0,0,1
dec8e038,J Theron,10,4,2,10,12,7,true,5.0,83.33,1,0,0,0,1
6ec424a9,ND Doshi,4,1,0,0,13,0,false,0.0,0.0,0,0,0,0,1
ee7d0c82,GD McGrath,14,2,1,4,5,4,true,4.0,80.0,1,0,0,0,1
8a668774,Shoaib Ahmed,8,3,1,1,6,1,true,0.5,16.67,0,0,0,0,2
a1d053dd,SS Cottrell,6,1,0,0,2,0,false,0.0,0.0,0,0,0,0,1
d718440b,V Pratap Singh,9,1,0,0,1,0,false,0.0,0.0,0,0,0,0,1
fe93fd9d,RA Jadeja,267,205,84,3526,2699,77,true,29.14,130.64,264,122,5,0,9
1dc12ab9,SK Raina,204,200,30,5528,4043,100,true,32.52,136.73,506,203,39,1,8
8abdf100,CJ Anderson,30,29,7,538,423,95,true,24.45,127.19,40,31,3,0,2
85ec8e33,SS Iyer,147,144,26,4229,3093,101,true,35.84,136.73,353,182,32,1,7
73ad96ed,DJ Hooda,125,101,16,1496,1172,64,false,17.6,127.65,98,62,8,0,5
b8d490fd,AJ Finch,92,90,7,2091,1631,88,true,25.19,128.2,214,78,15,0,8
8b3e9c7c,PP Shaw,79,79,0,1892,1283,99,false,23.95,147.47,238,61,14,0,7
99b75528,JC Buttler,138,136,19,4646,3103,124,false,39.71,149.73,459,211,28,7,8
a757b0d8,KA Pollard,189,168,49,3412,2316,87,true,28.67,147.32,218,223,16,0,5
1ee08e9a,JA Richardson,4,3,0,17,26,15,false,5.67,65.38,2,0,0,0,1
afa7e784,MS Wade,15,14,0,183,177,35,false,13.07,103.39,23,2,0,0,0
6a26221c,AK Markram,69,66,11,1671,1233,68,true,30.38,135.52,131,68,10,0,3
ff1e68fa,B Indrajith,3,3,0,21,30,15,false,7.0,70.0,2,0,0,0,1
b0482a1d,Tilak Varma,68,65,13,1858,1284,101,true,35.73,144.7,143,91,10,1,2
53fe6ee4,DS Lehmann,2,2,0,18,18,17,false,9.0,100.0,3,0,0,0,0
91a4a398,Z Khan,99,27,13,117,141,23,true,8.36,82.98,11,2,0,0,5
23ac69e6,RJ Quiney,7,7,0,103,102,51,false,14.71,100.98,12,3,1,0,0
05c2ca46,RE van der Merwe,21,15,4,159,141,35,false,14.45,112.77,11,8,0,0,0
0aadc906,PR Shah,16,9,1,92,91,29,false,11.5,101.1,9,2,0,0,1
7c503806,J Botha,34,28,8,409,359,67,true,20.45,113.93,39,5,1,0,0
11df3dc8,MJ Lumb,12,12,0,278,194,83,false,23.17,143.3,45,6,1,0,3
557153ca,KK Cooper,25,12,3,116,68,32,false,12.89,170.59,9,8,0,0,1
1647bd37,Karanveer Singh,9,4,3,12,17,5,true,12.0,70.59,1,0,0,0,0
462411b3,JJ Bumrah,158,29,22,75,86,16,true,10.71,87.21,6,1,0,0,4
bd77eb62,A Symonds,39,36,9,974,750,117,true,36.07,129.87,74,41,5,1,0
63bff7f9,SM Harwood,3,2,2,9,14,6,true,,64.29,0,0,0,0,0
fb693839,S Ladda,9,2,1,0,9,0,true,0.0,0.0,0,0,0,0,1
5451a2c1,B Chipli,23,21,6,280,251,61,true,18.67,111.55,28,7,1,0,0
1c2a64cd,A Ashish Reddy,31,23,8,280,193,36,true,18.67,145.08,16,15,0,0,0
db31895a,AS Rajpoot,29,7,2,26,41,8,false,5.2,63.41,2,1,0,0,0
2ed569a0,RD Chahar,80,22,7,129,124,25,true,8.6,104.03,13,5,0,0,7
44a89551,KS Bharat,10,8,1,199,163,78,true,28.43,122.09,12,8,1,0,1
73c18486,KR Mayers,13,13,0,379,263,73,false,29.15,144.11,38,22,4,0,2
eade4650,DJ Mitchell,15,15,2,351,267,63,false,27.0,131.46,28,10,2,0,0
9a46c4e5,GD Phillips,14,13,2,132,109,25,false,12.0,121.1,7,8,0,0,1
a1f1829d,K Goel,22,16,2,218,231,38,false,15.57,94.37,17,9,0,0,1
611926bc,GR Napier,1,1,0,15,16,15,false,15.0,93.75,1,0,0,0,0
45c2196c,DE Bollinger,27,4,3,21,23,16,true,21.0,91.3,1,1,0,0,0
1763bc6c,X Thalaivan Sargunam,1,1,0,10,17,10,false,10.0,58.82,0,0,0,0,0
5bb1a1c4,I Sharma,117,21,15,57,69,10,true,9.5,82.61,4,2,0,0,1
bf74b130,FH Allen,11,11,1,349,163,100,true,34.9,214.11,33,28,1,1,0
ddc0828d,A Flintoff,3,3,1,62,53,24,false,31.0,116.98,5,2,0,0,0
d45c29b1,Ashwani Kumar,10,1,1,1,6,1,true,,16.67,0,0,0,0,0
13fc5c6d,DS Rathi,23,3,2,3,8,2,true,3.0,37.5,0,0,0,0,0
d872f52a,LA Carseldine,5,5,1,81,68,39,false,20.25,119.12,11,0,0,0,0
30df8c66,Simarjeet Singh,14,6,3,10,15,3,true,3.33,66.67,0,0,0,0,2
2af1b6d2,AN Ahmed,17,6,5,36,26,18,true,36.0,138.46,4,1,0,0,0
5f26df4f,VS Malik,13,2,1,7,7,6,false,7.0,100.0,1,0,0,0,0
bdadf7da,JL Denly,1,1,0,0,1,0,false,0.0,0.0,0,0,0,0,1
14f96089,A Zampa,22,5,0,15,24,7,false,3.0,62.5,1,0,0,0,1
7023d182,AN Ghosh,2,2,0,7,8,7,false,3.5,87.5,1,0,0,0,1
60aa2db3,LG Pretorius,2,2,0,7,8,7,false,3.5,87.5,0,0,0,0,1
94eac556,CJ McKay,2,1,0,8,15,8,false,8.0,53.33,0,0,0,0,0
f48cf4da,DT Patil,2,2,0,13,13,9,false,6.5,100.0,1,0,0,0,0
249d60c9,AU Rashid,3,2,0,22,16,18,false,11.0,137.5,2,1,0,0,0
29e95537,AM Rahane,212,197,19,5367,4273,105,true,30.15,125.6,540,141,35,2,15
1c17e270,RV Uthappa,205,197,17,4952,3799,88,false,27.51,130.35,481,182,27,0,8
5fa06777,IK Pathan,103,82,29,1139,946,60,false,21.49,120.4,87,37,1,0,3
bb345e0b,G Gambhir,154,151,16,4217,3404,93,false,31.24,123.88,492,59,36,0,11
d2a6c0e6,EJG Morgan,83,74,13,1405,1146,68,true,23.03,122.6,112,64,5,0,5
81049310,J Yadav,20,4,0,40,36,23,false,10.0,111.11,2,1,0,0,0
12b610c2,TM Head,53,52,4,1556,915,102,false,32.42,170.05,172,78,10,1,6
dbe50b21,HH Pandya,162,150,44,2955,2020,91,false,27.88,146.29,228,156,10,0,6
45eda7c8,CA Lynn,42,42,3,1329,945,93,true,34.08,140.63,132,66,10,0,3
e342e5fb,CR Brathwaite,16,14,1,181,111,43,true,13.92,163.06,10,16,0,0,0
c38d3503,Shivam Mavi,32,11,2,51,56,20,false,5.67,91.07,4,2,0,0,3
2c25d4f5,D Padikkal,90,89,4,2270,1705,101,true,26.71,133.14,241,80,14,1,6
0994d0ae,V Shankar,78,63,16,1233,950,69,true,26.23,129.79,88,48,7,0,2
e2db2409,M Ashwin,44,12,3,35,50,9,false,3.89,70.0,2,1,0,0,2
26a85969,R Dhawan,39,22,11,210,187,25,true,19.09,112.3,18,7,0,0,1
1399b39c,Anmolpreet Singh,9,9,0,139,115,36,false,15.44,120.87,19,3,0,0,1
b2b4f545,A Mhatre,13,13,0,441,240,94,false,33.92,183.75,51,23,3,0,2
59559bc2,J Overton,13,8,3,151,93,43,false,30.2,162.37,14,7,0,0,0
ebcfef83,Himmat Singh,9,5,2,92,69,40,true,30.67,133.33,5,5,0,0,0
619aa81f,W Jaffer,8,8,0,130,121,50,false,16.25,107.44,14,3,1,0,1
ae091d39,SA Asnodkar,20,19,0,423,339,60,false,22.26,124.78,56,10,2,0,2
5afd4539,MS Bisla,39,39,1,798,702,92,false,21.0,113.68,93,23,4,0,3
aaa1b522,TL Suman,43,39,7,676,575,78,true,21.13,117.57,55,26,2,0,3
39f82db3,DJ Harris,4,4,0,111,101,47,false,27.75,109.9,11,5,0,0,0
b552a935,AC Thomas,15,4,2,20,19,12,false,10.0,105.26,1,1,0,0,0
addfb70e,SW Tait,21,5,2,23,26,11,false,7.67,88.46,1,1,0,0,1
57ee1fde,YS Chahal,189,17,10,37,86,8,true,5.29,43.02,0,0,0,0,1
acc1aeda,SP Jackson,9,8,2,61,57,16,false,10.17,107.02,5,1,0,0,1
11614d87,D Pretorius,7,5,1,44,28,22,false,11.0,157.14,3,3,0,0,1
08548b13,PHKD Mendis,5,5,2,92,69,32,true,30.67,133.33,7,2,0,0,1
83c3e8e3,SH Johnson,12,6,5,8,12,5,true,8.0,66.67,1,0,0,0,1
60500956,RV Patel,9,7,2,80,73,23,false,16.0,109.59,6,2,0,0,0
7d3937ed,DJ Thornely,6,4,2,39,53,30,false,19.5,73.58,2,2,0,0,0
af2c687b,C Munro,13,11,0,177,141,40,false,16.09,125.53,19,8,0,0,1
f24ca2ba,C Nanda,3,1,0,0,1,0,false,0.0,0.0,0,0,0,0,1
4125d931,J Suchith,22,9,5,70,61,34,true,17.5,114.75,6,3,0,0,1
e1d9ae9c,Shivam Singh,1,1,1,2,3,2,true,,66.67,0,0,0,0,0
aa8d28ae,D Wiese,18,11,6,148,101,47,true,29.6,146.53,12,7,0,0,0
8d92a2c3,MA Wood,5,3,1,12,8,10,true,6.0,150.0,1,1,0,0,0
d92e42f5,KP Appanna,13,3,2,2,4,1,true,2.0,50.0,0,0,0,0,0
27af6414,BJ Rohrer,8,8,2,193,140,64,true,32.17,137.86,21,5,1,0,0
a316d663,GC Viljoen,6,3,1,3,7,2,true,1.5,42.86,0,0,0,0,1
9e7225b0,Saurav Chauhan,3,3,0,18,15,9,false,6.0,120.0,1,1,0,0,1
6165bca6,A Mukund,3,2,0,19,22,19,false,9.5,86.36,1,0,0,0,1
92500ad5,SS Mishra,2,1,1,1,3,1,true,,33.33,0,0,0,0,0
0ed0cdbf,H Das,1,1,0,2,5,2,false,2.0,40.0,0,0,0,0,0
a343262c,JE Root,3,1,0,10,15,10,false,10.0,66.67,1,0,0,0,0
9ff100a6,RS Gavaskar,2,1,0,2,8,2,false,2.0,25.0,0,0,0,0,0
b2b23612,RG More,2,1,1,2,2,2,true,,100.0,0,0,0,0,0
2e9fdf9b,DAJ Bracewell,1,1,1,12,9,12,true,,133.33,1,0,0,0,0
33a364a6,R Bhatia,95,47,17,342,284,26,true,11.4,120.42,24,13,0,0,3
063b3673,DH Yagnik,25,17,7,170,137,34,false,17.0,124.09,23,2,0,0,1
3c6ffae8,YK Pathan,174,153,43,3204,2241,100,false,29.13,142.97,262,159,13,1,9
51a3c5ef,MJ McClenaghan,56,20,8,85,70,20,false,7.08,121.43,5,7,0,0,5
0c9652b0,HR Shokeen,13,5,2,66,65,25,false,22.0,101.54,9,0,0,0,0
0b60eb09,KA Maharaj,2,1,0,1,2,1,false,1.0,50.0,0,0,0,0,0
244048f6,Arshdeep Singh,97,14,8,32,47,10,true,5.33,68.09,4,0,0,0,3
e5437608,GF Linde,3,3,0,31,21,16,false,10.33,147.62,6,0,0,0,0
0fa5042b,L Ronchi,5,5,0,34,34,13,false,6.8,100.0,6,1,0,0,1
72861603,GC Smith,29,29,3,739,668,91,false,28.42,110.63,94,9,4,0,3
3576e47e,S Badrinath,94,65,18,1441,1212,71,true,30.66,118.89,154,28,11,0,6
d1c36f5c,JJ Roy,21,21,2,614,443,91,true,32.32,138.6,75,21,4,0,0
6b19d823,A Mishra,162,55,25,381,419,31,false,12.7,90.93,31,5,0,0,8
d7b3a420,Jaskaran Singh,8,4,3,8,11,4,true,8.0,72.73,0,0,0,0,0
a3b0600d,Aniket Verma,24,20,5,315,196,74,false,21.0,160.71,18,25,1,0,0
7b679de5,Kartik Sharma,11,11,2,295,216,71,false,32.78,136.57,24,16,2,0,0
3edb58fc,AD Mascarenhas,13,11,2,79,78,27,false,8.78,101.28,5,1,0,0,2
eef2536f,Avesh Khan,82,16,12,68,43,19,true,17.0,158.14,7,4,0,0,1
6b2ff18f,SB Dubey,20,17,7,220,143,34,true,22.0,153.85,17,13,0,0,1
e249fdaa,A Chopra,7,6,0,53,71,24,false,8.83,74.65,7,0,0,0,0
dddca1d6,SB Wagh,8,2,0,2,3,2,false,1.0,66.67,0,0,0,0,1
3204c99f,G Coetzee,14,7,1,31,33,12,false,5.17,93.94,2,2,0,0,1
b410bd3d,S Lamichhane,9,1,0,0,1,0,false,0.0,0.0,0,0,0,0,1
641ac5ff,IS Sodhi,8,2,0,7,17,6,false,3.5,41.18,0,0,0,0,0
9f961c14,Joginder Sharma,16,5,1,36,30,16,true,9.0,120.0,1,2,0,0,2
172dff15,C Bosch,9,6,3,97,63,32,true,32.33,153.97,8,5,0,0,0
80b2fb19,Prince Yadav,20,3,3,5,11,4,true,,45.45,0,0,0,0,0
c0c411cb,Naveen-ul-Haq,18,4,3,18,25,13,false,18.0,72.0,2,0,0,0,0
6581d753,JM Kemp,5,2,0,26,24,22,false,13.0,108.33,1,1,0,0,0
3c28853f,Sediqullah Atal,1,1,0,22,16,22,false,22.0,137.5,0,2,0,0,0
69762509,DR Martyn,1,1,0,19,24,19,false,19.0,79.17,1,0,0,0,0
f986ca1a,HV Patel,123,44,13,280,238,36,true,9.03,117.65,18,15,0,0,9
740742ef,RG Sharma,281,275,31,7329,5514,109,true,30.04,132.92,661,324,49,2,18
32198ae0,MC Henriques,62,54,18,1000,788,74,true,27.78,126.9,87,28,5,0,2
b5da6c24,PA Patel,139,136,10,2848,2358,81,false,22.6,120.78,365,49,13,0,13
2e8994e7,JP Duminy,83,75,24,2029,1636,78,true,39.78,124.02,126,79,14,0,1
c03f1114,KD Karthik,257,233,49,4842,3577,97,true,26.32,135.36,466,161,22,0,18
944533a5,KK Nair,86,78,5,1712,1304,89,false,23.45,131.29,188,49,11,0,5
5f547c8b,Rashid Khan,153,72,26,635,406,79,true,13.8,156.4,45,43,1,0,16
a4e37e47,S Dube,92,87,19,2129,1464,95,true,31.31,145.42,132,137,10,0,3
a818c1be,TA Boult,124,26,16,93,85,17,true,9.3,109.41,5,4,0,0,3
d1a60072,N Wadhera,45,37,4,784,560,70,false,23.76,140.0,64,43,4,0,2
c5aef772,R Shepherd,33,19,8,268,153,53,true,24.36,175.16,18,22,1,0,2
0890552f,A Manohar,27,20,1,292,235,43,false,15.37,124.26,23,14,0,0,2
235c2bb6,H Klaasen,64,60,10,2104,1262,105,true,42.08,166.72,146,120,13,2,1
872b03f7,A Badoni,66,56,10,1178,836,74,false,25.61,140.91,96,47,7,0,5
b5797845,Priyansh Arya,31,31,0,909,471,103,false,29.32,192.99,87,63,6,1,3
ba5e1069,R Ravindra,18,18,1,413,287,65,true,24.29,143.9,40,16,2,0,2
bb18be76,SK Warne,55,27,9,198,214,34,true,11.0,92.52,14,6,0,0,5
0c2730df,A Kumble,42,15,12,35,47,8,false,11.67,74.47,3,0,0,0,0
d18f9182,DPMD Jayawardene,80,78,15,1802,1462,110,true,28.6,123.26,200,39,10,1,2
c3d35165,JA Morkel,90,67,27,974,686,73,true,24.35,141.98,61,55,3,0,3
1efb8a28,AC Blizzard,7,7,0,120,90,51,false,17.14,133.33,21,2,1,0,1
f842c2cf,MJ Clarke,6,6,0,98,94,41,false,16.33,104.26,12,0,0,0,0
d014d5ac,SE Rutherford,31,27,6,520,364,71,true,24.76,142.86,30,38,1,0,2
03806cf8,JR Hazlewood,52,8,7,19,30,7,true,19.0,63.33,1,0,0,0,1
df064e1a,Ravi Bishnoi,86,18,6,45,69,13,false,3.75,65.22,2,2,0,0,4
864c199e,AC Voges,9,7,3,181,143,45,true,45.25,126.57,15,3,0,0,0
c8179c68,SB Jakati,59,5,4,28,29,13,false,28.0,96.55,3,0,0,0,0
a9fd84fb,M Markande,40,10,7,48,42,18,true,16.0,114.29,5,1,0,0,0
2cdce1be,C Sakariya,20,7,1,20,31,7,false,3.33,64.52,3,0,0,0,1
9b6e1b3f,J Fraser-McGurk,15,15,0,385,193,84,false,25.67,199.48,39,30,4,0,3
bafd0398,R Minz,4,4,1,12,19,5,false,4.0,63.16,1,0,0,0,0
e3851766,KS Rathore,1,1,0,0,5,0,false,0.0,0.0,0,0,0,0,1
18c78b11,RE Levi,6,6,0,83,73,50,false,13.83,113.7,10,4,1,0,2
f21043a5,MDKJ Perera,2,2,0,14,13,14,false,7.0,107.69,3,0,0,0,1
90edaaa9,S Rana,11,8,4,91,81,19,true,22.75,112.35,9,1,0,0,0
327b58d3,PVD Chameera,21,11,7,53,45,17,false,13.25,117.78,3,3,0,0,2
b0f2baf4,Sanvir Singh,6,5,3,25,21,8,true,12.5,119.05,2,1,0,0,1
c33d8116,Mohsin Khan,31,7,2,25,28,13,true,5.0,89.29,2,1,0,0,3
c1e53c3f,R Smaran,6,4,1,19,25,9,false,6.33,76.0,3,0,0,0,0
27e71d47,K Upadhyay,3,2,2,12,9,11,true,,133.33,0,1,0,0,0
f752db61,JL Pattinson,10,2,1,15,13,11,false,15.0,115.38,2,0,0,0,0
be869ccf,GHS Garton,5,2,1,2,4,2,true,2.0,50.0,0,0,0,0,1
6afb26d6,MD Mishra,18,17,1,237,208,41,false,14.81,113.94,24,8,0,0,1
3ae3f034,AUK Pathan,8,7,2,39,23,14,false,7.8,169.57,5,2,0,0,2
30e37810,Sunny Singh,6,5,1,43,31,20,false,10.75,138.71,6,1,0,0,0
f708a0bc,GB Hogg,21,4,1,22,22,13,false,7.33,100.0,1,0,0,0,0
f6d8a7ab,K Kartikeya,16,4,0,12,17,6,false,3.0,70.59,1,0,0,0,0
b2ae53f5,T Thushara,6,4,2,12,18,8,false,6.0,66.67,0,0,0,0,0
c64c2443,J Syed Mohammad,11,5,3,29,26,13,true,14.5,111.54,4,0,0,0,0
e412cb64,HF Gurney,8,1,1,1,5,1,true,,20.0,0,0,0,0,0
8db7f47f,RJW Topley,6,1,1,3,6,3,true,,50.0,0,0,0,0,0
f834dcfc,L Ngidi,28,4,2,4,9,3,false,2.0,44.44,0,0,0,0,1
dc4686e6,BA Bhatt,17,2,1,6,7,6,true,6.0,85.71,0,1,0,0,1
cfad138c,CK Kapugedera,5,3,0,16,23,8,false,5.33,69.57,0,0,0,0,1
a2870fb7,NK Patel,9,6,2,121,119,57,false,30.25,101.68,14,1,1,0,0
14b14cd8,DM Bravo,1,1,1,6,5,6,true,,120.0,1,0,0,0,0
e186f49c,Mashrafe Mortaza,1,1,1,2,2,2,true,,100.0,0,0,0,0,0
9f77963a,Gulbadin Naib,2,1,0,19,15,19,false,19.0,126.67,1,1,0,0,0
c24a2c5d,S Tyagi,14,1,1,3,4,3,true,,75.0,0,0,0,0,0
b69e69ed,AA Noffke,1,1,0,9,10,9,false,9.0,90.0,1,0,0,0,0
cfa4bd2b,Y Prithvi Raj,2,1,1,0,1,0,true,,0.0,0,0,0,0,0
33cb3411,Younis Khan,1,1,0,3,7,3,false,3.0,42.86,0,0,0,0,0
64a4c383,S Sriram,2,2,0,31,36,27,false,15.5,86.11,3,0,0,0,0
dce2019b,F Behardien,3,3,1,14,13,9,true,7.0,107.69,2,0,0,0,1
10a91f35,Shoaib Akhtar,3,1,0,2,7,2,false,2.0,28.57,0,0,0,0,0
508a1ea7,SE Marsh,71,69,7,2477,1866,115,false,39.95,132.74,266,78,20,1,1
8fd1a8f5,DW Steyn,95,33,11,167,160,19,true,7.59,104.38,14,3,0,0,5
bd17b45f,STR Binny,95,66,20,880,683,48,true,19.13,128.84,66,35,0,0,7
48a1d7b7,SO Hetmyer,94,85,28,1560,1045,75,false,27.37,149.28,98,96,5,0,4
2f49c897,Mohammed Siraj,125,23,12,117,139,14,true,10.64,84.17,11,4,0,0,2
663b5e34,PN Mankad,6,5,2,97,73,64,true,32.33,132.88,13,2,1,0,1
844e79d1,D Brevis,27,24,0,606,415,57,false,25.25,146.02,38,43,2,0,3
3c55c703,JG Bethell,9,9,0,163,116,55,false,18.11,140.52,21,6,1,0,0
86dc8f2e,JH Kallis,98,95,11,2427,2222,89,true,28.89,109.23,255,44,17,0,8
d8699ab7,ML Hayden,32,32,2,1107,805,93,false,36.9,137.52,121,44,8,0,1
fd835ab3,DJ Hussey,64,61,12,1322,1075,71,false,26.98,122.98,90,60,5,0,4
756389bd,S Vidyut,9,8,0,145,109,54,false,18.13,133.03,21,3,1,0,1
88fccd6c,SM Pollock,13,8,0,147,111,33,false,18.38,132.43,12,8,0,0,2
dfc4d8b5,KW Richardson,15,4,1,36,39,26,false,12.0,92.31,2,1,0,0,0
81c08fa3,Umran Malik,26,5,4,23,16,19,true,23.0,143.75,1,2,0,0,1
d7017798,A Raghuvanshi,35,30,4,885,608,82,true,34.04,145.56,86,35,7,0,0
a45a5e8d,AM Nayar,60,50,12,672,577,45,true,17.68,116.46,55,20,0,0,3
378daa89,Aman Hakim Khan,12,10,1,115,104,51,false,12.78,110.58,8,6,1,0,1
3ff033bb,MD Shanaka,10,8,1,89,72,29,false,12.71,123.61,5,5,0,0,1
1c84109e,MD Choudhary,10,10,4,170,120,54,true,28.33,141.67,11,12,1,0,0
a2f46292,KK Ahmed,76,6,1,2,9,1,true,0.4,22.22,0,0,0,0,4
56ab442f,NM Coulter-Nile,39,16,5,82,72,24,true,7.45,113.89,7,4,0,0,0
c404f58a,DP Nannes,29,2,1,4,13,3,false,4.0,30.77,0,0,0,0,0
2049f3a0,SJ Srivastava,14,4,3,5,5,3,true,5.0,100.0,0,0,0,0,1
75224f22,KMA Paul,8,5,1,18,24,7,false,4.5,75.0,1,1,0,0,1
33ffc3dd,R Sanjay Yadav,1,1,0,0,2,0,false,0.0,0.0,0,0,0,0,1
2cffab74,Mukesh Kumar,42,5,4,10,18,6,true,10.0,55.56,0,0,0,0,0
4933f499,JP Behrendorff,17,2,2,6,9,3,true,,66.67,0,0,0,0,0
2c76b512,DJ Muthuswami,6,1,0,1,3,1,false,1.0,33.33,0,0,0,0,0
92aeac25,AD Hales,6,6,0,148,118,45,false,24.67,125.42,13,6,0,0,0
39ed0d2f,KS Sharma,3,3,0,16,25,9,false,5.33,64.0,1,0,0,0,0
5724e517,Tanush Kotian,1,1,0,24,31,24,false,24.0,77.42,3,0,0,0,0
d8d67045,Akshat Raghuwanshi,3,2,0,29,25,18,false,14.5,116.0,1,1,0,0,0
44afbf2d,NJ Maddinson,3,3,0,20,21,12,false,6.67,95.24,4,0,0,0,0
402f8494,RJ Gleeson,3,1,1,2,2,2,true,,100.0,0,0,0,0,0
6834d1f2,B Stanlake,6,1,1,5,2,5,true,,250.0,1,0,0,0,0
d2d4bb0a,TR Birt,5,5,0,75,58,27,false,15.0,129.31,9,2,0,0,0
7210d461,Yash Dayal,43,4,1,4,9,3,false,1.33,44.44,0,0,0,0,2
8998a68f,Sumit Kumar,4,3,1,18,24,9,true,9.0,75.0,2,1,0,0,0
bae11797,Y Gnaneswara Rao,2,1,0,19,17,19,false,19.0,111.76,3,0,0,0,0
ad9c32a2,DJ Malan,1,1,0,26,26,26,false,26.0,100.0,1,1,0,0,0
f2c936d7,MJ Owen,1,1,0,0,2,0,false,0.0,0.0,0,0,0,0,1
30a2649b,CM Gautam,13,13,3,169,150,33,false,16.9,112.67,17,6,0,0,0
39f01cdb,KP Pietersen,36,36,9,1001,743,103,true,37.07,134.72,91,40,4,1,3
d2a989fc,DS Kulkarni,92,20,11,104,108,28,true,11.56,96.3,7,2,0,0,0
f62772e5,P Negi,50,35,9,365,289,36,false,14.04,126.3,27,16,0,0,3
94253925,GH Vihari,24,23,3,284,321,46,false,14.2,88.47,23,1,0,0,0
372455c4,Q de Kock,118,118,8,3441,2550,140,true,31.28,134.94,334,143,24,3,4
b17e2f24,KL Rahul,160,149,24,5815,4179,152,true,46.52,139.15,508,239,45,6,4
2a2e6343,DT Christian,49,41,10,460,398,39,false,14.84,115.58,23,19,0,0,2
9d430b40,SP Narine,201,122,20,1820,1101,109,false,17.84,165.3,191,120,7,1,16
a24be938,VR Iyer,68,62,9,1677,1181,104,false,31.64,142.0,157,78,13,1,2
caf69bf7,DR Sams,16,13,4,44,44,15,false,4.89,100.0,1,3,0,0,3
26d041c4,Sikandar Raza,9,9,2,182,136,57,false,26.0,133.82,12,8,1,0,0
c7a995d3,R Sai Kishore,28,4,0,18,16,13,false,4.5,112.5,0,2,0,0,0
470f446b,V Suryavanshi,23,23,0,1028,449,103,false,44.7,228.95,81,96,6,2,2
650d5e49,R Powell,39,30,5,555,390,67,true,22.2,142.31,38,38,1,0,2
6ef60d3a,Kamran Khan,9,1,0,3,5,3,false,3.0,60.0,0,0,0,0,0
2728e7e9,P Dogra,13,12,1,127,138,41,false,11.55,92.03,4,5,0,0,1
bcce309e,WPUJC Vaas,13,11,3,81,73,20,false,10.13,110.96,2,3,0,0,3
66b30f71,AB Dinda,78,16,6,26,48,7,false,2.6,54.17,2,0,0,0,6
3a02626a,AG Paunikar,5,5,0,49,58,20,false,9.8,84.48,9,0,0,0,1
5b16a806,A Dananjaya,1,1,1,4,5,4,true,,80.0,0,0,0,0,0
b8527c3d,Rasikh Salam,25,7,2,43,42,10,false,8.6,102.38,5,0,0,0,0
ff1e12a0,AJ Turner,6,6,1,24,28,16,false,4.8,85.71,0,2,0,0,3
50c09020,Ashok Sharma,6,2,2,1,4,1,true,,25.0,0,0,0,0,0
12eddf28,RJ Harris,37,21,9,117,112,17,false,9.75,104.46,6,3,0,0,2
16043342,AB McDonald,10,9,4,123,100,33,true,24.6,123.0,9,4,0,0,1
9170ff49,Parvez Rasool,11,4,2,17,20,10,false,8.5,85.0,1,0,0,0,0
e798611a,HM Amla,16,16,3,577,407,104,true,44.38,141.77,60,21,3,2,2
9a963804,LE Plunkett,7,2,1,1,3,1,true,1.0,33.33,0,0,0,0,1
1be70c88,LPC Silva,3,3,1,40,26,23,true,20.0,153.85,5,1,0,0,1
a386e91b,PD Collingwood,8,7,2,203,156,75,true,40.6,130.13,9,13,3,0,0
cca50cd6,LJ Wright,7,5,0,106,60,44,false,21.2,176.67,16,3,0,0,0
107c26fb,KT Maphaka,4,1,1,8,2,8,true,,400.0,2,0,0,0,0
b274dbbd,ER Dwivedi,4,2,0,24,14,19,false,12.0,171.43,2,2,0,0,0
46a9bea1,TU Deshpande,53,10,6,54,36,25,false,13.5,150.0,2,4,0,0,0
957532de,S Aravind,38,10,7,59,57,14,true,19.67,103.51,7,0,0,0,1
5b7ab5a9,CV Varun,94,13,7,31,53,10,true,5.17,58.49,3,0,0,0,2
9e6032fa,DV Malewar,2,2,0,2,5,2,false,1.0,40.0,0,0,0,0,1
5750bcb4,E Malinga,22,3,2,7,17,5,false,7.0,41.18,0,0,0,0,0
d3a3e82d,AB Barath,3,3,1,42,42,33,false,21.0,100.0,5,1,0,0,0
7bb62642,Anirudh Singh,5,4,0,63,66,40,false,15.75,95.45,6,1,0,0,1
c18496e1,Bipul Sharma,33,17,9,187,123,35,true,23.38,152.03,11,9,0,0,0
798cc28e,KM Asif,7,1,0,0,2,0,false,0.0,0.0,0,0,0,0,1
5673a3fc,NL McCullum,2,2,1,26,22,15,false,26.0,118.18,0,1,0,0,0
e96801ea,MS Bhandage,1,1,0,1,4,1,false,1.0,25.0,0,0,0,0,0
a03bba42,T Shamsi,5,1,1,2,4,2,true,,50.0,0,0,0,0,0
c27b5a0e,PVSN Raju,2,1,1,1,1,1,true,,100.0,0,0,0,0,0
a7c226e1,FH Edwards,6,2,1,4,5,3,true,4.0,80.0,0,0,0,0,0
d4eef961,M de Lange,5,1,0,1,2,1,false,1.0,50.0,0,0,0,0,0
75de770f,T Taibu,3,3,0,31,26,15,false,10.33,119.23,3,0,0,0,0
622cc511,U Kaul,5,1,1,0,1,0,true,,0.0,0,0,0,0,0
d621b427,Musheer Khan,1,1,0,0,3,0,false,0.0,0.0,0,0,0,0,1
78eb4223,KAJ Roach,2,1,0,10,9,10,false,10.0,111.11,1,0,0,0,0
65b6943c,L Wood,2,1,1,9,3,9,true,,300.0,0,1,0,0,0
1c914163,Yuvraj Singh,132,126,15,2750,2120,83,false,24.77,129.72,217,149,13,0,4
5056011d,GJ Bailey,40,36,9,663,544,61,true,24.56,121.88,59,19,2,0,1
77255a9e,RA Tripathi,100,98,11,2291,1662,93,false,26.33,137.85,229,85,12,0,4
495d42a5,R Ashwin,219,93,30,833,705,50,false,13.22,118.16,64,29,1,0,11
0bacade8,Rahmanullah Gurbaz,18,18,1,363,269,81,false,21.35,134.94,34,22,2,0,2
1abb78f8,SN Thakur,114,43,14,349,263,68,false,12.03,132.7,32,13,1,0,7
ad427b5c,Lalit Yadav,27,21,5,305,290,48,true,19.06,105.17,27,7,0,0,1
da934ee8,MK Lomror,40,35,6,527,373,54,true,18.17,141.29,33,30,1,0,3
26989d80,Shashank Singh,54,42,17,905,560,68,true,36.2,161.61,67,51,6,0,3
8e514b4c,Abdul Samad,71,58,14,857,576,45,false,19.48,148.78,55,55,0,0,4
e66732f8,RD Rickelton,26,26,2,836,497,123,true,34.83,168.21,78,55,5,1,0
be24ead0,Ramandeep Singh,38,26,10,299,205,35,false,18.69,145.85,17,19,0,0,1
b8a55852,BB McCullum,109,109,5,2880,2186,158,true,27.69,131.75,293,130,13,2,6
0184dc35,R Dravid,89,82,5,2174,1882,75,true,28.23,115.52,269,28,11,0,3
b2b50355,L Balaji,73,13,6,36,49,15,false,5.14,73.47,2,1,0,0,4
facb9086,SD Chitnis,11,8,1,99,89,38,false,14.14,111.24,10,2,0,0,0
f4f0fafd,B Sumanth,5,4,3,35,37,16,false,35.0,94.59,3,0,0,0,0
89f64c19,LMP Simmons,29,29,2,1079,852,100,true,39.96,126.64,109,44,11,1,2
5748e866,TD Paine,2,2,0,10,26,8,false,5.0,38.46,0,0,0,0,0
989889ff,JP Inglis,17,16,2,544,314,85,false,38.86,173.25,58,28,4,0,0
342d8ade,CRD Fernando,10,2,2,4,3,2,true,,133.33,0,0,0,0,0
6b8eb6e5,S Sreesanth,44,12,8,34,55,15,true,8.5,61.82,6,0,0,0,3
f24c6701,M Theekshana,38,6,3,17,34,7,true,5.67,50.0,0,1,0,0,1
871e9faf,Basil Thampi,25,7,6,32,35,13,true,32.0,91.43,1,1,0,0,0
a9da7784,KJ Abbott,5,3,2,13,8,12,true,13.0,162.5,0,1,0,0,1
25f7b7d6,T Banton,2,2,0,18,20,10,false,9.0,90.0,1,1,0,0,0
bff458c6,AA Bilakhia,7,7,2,69,85,22,false,13.8,81.18,5,0,0,0,0
9b4935c8,CJ Ferguson,9,8,2,98,117,23,false,16.33,83.76,9,0,0,0,0
93a17209,VY Mahesh,17,5,3,15,27,6,true,7.5,55.56,0,0,0,0,0
4663bd23,TL Seifert,6,6,0,45,41,21,false,7.5,109.76,6,1,0,0,2
5f5d3ad4,SS Shaikh,2,1,0,6,7,6,false,6.0,85.71,1,0,0,0,0
fdcb08c2,A Uniyal,2,2,1,4,7,4,true,4.0,57.14,0,0,0,0,1
2d140b79,AA Kulkarni,4,4,0,26,33,17,false,6.5,78.79,3,0,0,0,2
670709ec,SB Joshi,4,2,0,6,14,3,false,3.0,42.86,0,0,0,0,0
e0407c01,IC Pandey,25,1,0,0,2,0,false,0.0,0.0,0,0,0,0,1
0404d43c,Liton Das,1,1,0,4,4,4,false,4.0,100.0,1,0,0,0,0
edb3d4f8,KC Cariappa,11,5,2,24,21,12,true,8.0,114.29,0,2,0,0,0
4885bbe6,Yudhvir Singh,9,4,0,22,16,14,false,5.5,137.5,1,2,0,0,1
f5f18a18,S Randiv,8,1,0,2,4,2,false,2.0,50.0,0,0,0,0,0
cd8d2859,DG Nalkande,6,2,0,12,12,12,false,6.0,100.0,0,1,0,0,1
271f83cd,SA Yadav,179,164,28,4581,3083,103,true,33.68,148.59,482,178,31,2,12
00ea847a,MA Agarwal,130,125,5,2756,2064,106,false,22.97,133.53,273,100,13,1,7
d9273ee7,MP Stoinis,123,108,30,2242,1520,124,true,28.74,147.5,181,117,10,1,10
c16d4035,SW Billings,30,27,1,503,388,56,false,19.35,129.64,40,20,3,0,3
94d7f855,C de Grandhomme,25,21,5,303,225,40,false,18.94,134.67,18,18,0,0,3
541f85c9,SP Goswami,31,21,1,293,295,52,false,14.65,99.32,32,3,1,0,4
e94915e6,SM Curran,64,53,13,997,731,88,false,24.93,136.39,85,41,6,0,4
bb965e9a,PK Garg,23,19,1,273,241,51,true,15.17,113.28,16,9,1,0,2
0a509d6b,RK Singh,72,62,21,1394,955,83,true,34.0,145.97,114,67,6,0,1
3241e3fd,N Pooran,104,100,21,2527,1540,87,true,31.99,164.09,169,186,15,0,8
45a43fe2,RD Gaikwad,85,84,10,2839,2093,108,true,38.36,135.64,260,107,22,2,7
0f721006,JO Holder,57,34,8,324,263,47,true,12.46,123.19,16,21,0,0,3
f29185a1,Abhishek Sharma,92,89,8,2379,1389,141,false,29.37,171.27,224,144,13,2,6
a90e53ec,MW Short,9,9,0,177,143,36,false,19.67,123.78,21,5,0,0,0
725529bc,SC Ganguly,59,56,3,1349,1263,91,false,25.45,106.81,137,42,7,0,4
3fca55af,S Sohal,22,20,0,368,292,62,false,18.4,126.03,34,18,2,0,3
6b71e6cf,KC Sangakkara,71,68,3,1687,1392,94,false,25.95,121.19,195,27,10,0,4
d2c2b2d5,SR Tendulkar,78,78,11,2334,1948,100,true,34.84,119.82,296,29,13,1,4
662c47a6,Y Nagar,26,20,6,285,259,44,true,20.36,110.04,20,9,0,0,2
fe763256,Y Venugopal Rao,65,52,8,985,836,71,true,22.39,117.82,77,37,3,0,2
b970a03f,M Klinger,4,4,0,73,77,29,false,18.25,94.81,9,0,0,0,0
e9c7f0d0,Fazalhaq Farooqi,12,3,3,5,15,2,true,,33.33,0,0,0,0,0
e38bce7a,MG Bracewell,5,4,2,58,47,26,false,29.0,123.4,6,1,0,0,0
dded65e7,IR Jaggi,7,7,2,76,97,28,false,15.2,78.35,6,0,0,0,0
fb5f69e4,M Tiwari,5,2,1,21,12,18,true,21.0,175.0,2,1,0,0,0
16dfcc19,Umar Gul,6,4,1,39,19,24,false,13.0,205.26,1,5,0,0,0
fcc21ace,A Kamboj,25,10,7,74,52,19,true,24.67,142.31,5,4,0,0,1
6dbcf855,VH Zol,3,2,0,29,26,16,false,14.5,111.54,3,1,0,0,0
1ac746c8,Atharva Taide,10,10,0,260,177,66,false,26.0,146.89,30,8,2,0,1
12314277,Arshad Khan,27,13,6,147,99,58,true,21.0,148.48,7,11,1,0,1
b1ad996b,MP Yadav,10,1,0,5,5,5,false,5.0,100.0,1,0,0,0,0
64d43928,Sohail Tanvir,11,5,2,36,29,13,false,12.0,124.14,3,1,0,0,0
de8cce37,VVS Laxman,20,20,2,282,267,52,false,15.67,105.62,33,5,1,0,4
a3ecf01f,RS Sodhi,3,1,1,4,2,4,true,,200.0,1,0,0,0,0
245c97cb,TS Mills,10,5,1,8,14,6,false,2.0,57.14,0,1,0,0,2
b52ffbbd,FA Allen,5,3,1,14,19,8,false,7.0,73.68,1,0,0,0,0
3b53243a,XC Bartlett,13,4,2,40,28,18,true,20.0,142.86,3,2,0,0,1
926c7443,SU Parakh,4,4,0,46,33,24,false,11.5,139.39,5,2,0,0,1
4c4fa80b,SMSM Senanayake,8,4,3,10,17,7,true,10.0,58.82,0,0,0,0,0
8b9704ae,L Ablish,3,1,1,0,2,0,true,,0.0,0,0,0,0,0
28c78fb3,Harpreet Singh,9,8,1,123,119,41,false,17.57,103.36,10,3,0,0,0
54e52590,Vijaykumar Vyshak,26,6,4,16,16,13,true,8.0,100.0,0,1,0,0,2
e32d22f6,Pankaj Singh,17,5,3,7,12,4,true,3.5,58.33,0,0,0,0,1
99ed60f8,JPR Scantlebury-Searles,4,2,1,8,6,6,true,8.0,133.33,0,1,0,0,0
469ea22b,KMDN Kulasekara,5,1,1,5,3,5,true,,166.67,1,0,0,0,0
9601c534,SD Lad,1,1,0,15,13,15,false,15.0,115.38,1,1,0,0,0
25228673,Harsh Dubey,11,4,2,13,9,9,true,6.5,144.44,2,0,0,0,1
aa5d8c9e,A Tomar,1,1,0,4,8,4,false,4.0,50.0,1,0,0,0,0
a457cfb5,Mayank Dagar,8,1,0,0,1,0,false,0.0,0.0,0,0,0,0,1
765a4731,Mukesh Choudhary,24,3,2,8,8,4,false,8.0,100.0,1,0,0,0,0
a4cc73aa,SV Samson,190,185,23,5181,3671,119,false,31.98,141.13,432,243,27,5,11
8b5b6769,Harbhajan Singh,163,88,36,833,604,64,false,16.02,137.91,79,42,1,0,12
0a476045,S Dhawan,222,221,29,6769,5324,106,true,35.26,127.14,768,153,51,2,11
b57f8a9a,BJ Hodge,66,63,21,1400,1118,73,false,33.33,125.22,122,43,6,0,3
2e171977,AR Patel,177,134,38,2089,1562,66,false,21.76,133.74,146,100,4,0,9
98ae73b1,PP Chawla,192,86,32,624,563,24,true,11.56,110.83,56,20,0,0,14
b681e71e,GJ Maxwell,141,134,16,2819,1817,95,false,23.89,155.15,238,161,18,0,19
272d796e,BR Dunk,3,3,0,40,35,20,false,13.33,114.29,7,0,0,0,0
890946a0,NV Ojha,113,94,19,1554,1313,94,true,20.72,118.35,121,79,6,0,8
4a8a2e3b,MS Dhoni,277,241,99,5439,3957,84,true,38.3,137.45,375,264,24,0,6
0f12f9df,NLTC Perera,37,30,8,422,307,40,false,19.18,137.46,23,26,0,0,1
fb2d1dda,N Rana,127,121,10,3078,2235,91,false,27.73,137.72,288,151,22,0,8
5574750c,JC Archer,68,40,15,326,225,32,false,13.04,144.89,18,22,0,0,5
abb83e27,JM Bairstow,52,52,4,1674,1146,114,false,34.88,146.07,173,74,9,2,3
7dcb9bc9,M Shahrukh Khan,64,53,15,775,524,58,false,20.39,147.9,49,52,2,0,3
f9e6e7ef,Shahbaz Ahmed,63,40,11,603,489,59,true,20.79,123.31,33,28,1,0,1
df5a6881,DP Conway,29,28,3,1080,773,92,true,43.2,139.72,117,34,11,0,3
acdc62f5,A Nortje,49,14,7,49,50,23,true,7.0,98.0,6,0,0,0,3
9caf69a1,WG Jacks,28,26,4,602,379,100,true,27.36,158.84,50,38,2,1,0
aad0c365,Nithish Kumar Reddy,42,35,8,787,541,76,true,29.15,145.47,50,46,3,0,1
57ca01b3,Kumar Kushagra,5,4,0,21,21,18,false,5.25,100.0,3,0,0,0,1
e4a0deae,MJ Santner,35,21,13,136,123,22,false,17.0,110.57,9,6,0,0,1
fffa744b,Naman Dhir,37,33,7,710,433,62,true,27.31,163.97,68,36,3,0,5
fe366f34,C Connolly,14,13,2,491,301,107,true,44.64,163.12,43,32,2,1,1
f233bbb4,ST Jayasuriya,30,30,2,768,532,114,true,27.43,144.36,84,39,4,1,2
fdedb37c,SM Katich,11,11,1,241,186,75,false,24.1,129.57,26,8,2,0,1
f663ef00,J Arunkumar,3,3,0,23,23,22,false,7.67,100.0,5,0,0,0,1
c3d1402f,RP Singh,82,28,14,52,76,10,false,3.71,68.42,2,1,0,0,4
b1451597,LR Shukla,47,33,6,405,350,48,true,15.0,115.71,33,16,0,0,3
5d9a1a73,R Sharma,44,19,6,66,75,14,true,5.08,88.0,5,3,0,0,7
d7c6af50,DL Vettori,34,16,8,121,113,29,false,15.13,107.08,11,2,0,0,1
3a60e0b5,WD Parnell,33,13,3,65,80,16,false,6.5,81.25,4,1,0,0,0
13c35c9e,TG Southee,54,19,6,120,107,36,true,9.23,112.15,8,4,0,0,3
62af8546,Mohammad Nabi,24,19,3,215,150,31,false,13.44,143.33,18,11,0,0,1
7d92277a,Mujeeb Ur Rahman,20,6,3,12,15,10,true,4.0,80.0,2,0,0,0,2
68c56d09,KA Jamieson,15,10,5,77,73,16,true,15.4,105.48,6,4,0,0,0
e4cdf230,AS Roy,25,14,6,78,64,29,true,9.75,121.88,6,2,0,0,5
c03c6200,DJG Sammy,22,20,5,295,241,60,false,19.67,122.41,15,18,1,0,2
e86754b2,TK Curran,13,10,5,127,107,54,true,25.4,118.69,10,3,1,0,0
9219eff0,JDS Neesham,14,10,1,92,93,22,false,10.22,98.92,6,2,0,0,2
9385de2e,SS Prabhudessai,11,10,0,126,106,34,false,12.6,118.87,11,4,0,0,1
eea6b7f1,SP Fleming,10,10,1,196,165,45,false,21.78,118.79,27,3,0,0,1
2498e163,JR Hopes,21,19,3,417,306,71,false,26.06,136.27,49,11,4,0,1
c42aaf71,M Manhas,55,38,15,514,470,42,true,22.35,109.36,43,10,0,0,6
a1d95bd8,LB Williams,2,1,1,1,2,1,true,,50.0,0,0,0,0,0
4bd09374,Akash Madhwal,17,2,2,8,14,4,true,,57.14,0,0,0,0,0
6aed7e79,PV Tambe,33,6,4,18,39,7,true,9.0,46.15,1,0,0,0,0
addbde6c,N Saini,10,10,0,140,141,50,false,14.0,99.29,16,0,1,0,0
133bbd61,Brijesh Sharma,13,2,2,2,4,1,true,,50.0,0,0,0,0,0
f836b33d,T Kohler-Cadmore,3,3,0,48,54,20,false,16.0,88.89,7,1,0,0,0
1da489ff,S Kaushik,10,1,0,0,1,0,false,0.0,0.0,0,0,0,0,1
605b7efa,MC Juneja,7,7,0,125,128,49,false,17.86,97.66,11,1,0,0,0
11061889,SR Dubey,4,1,1,4,2,4,true,,200.0,1,0,0,0,0
8ac93ca2,P Chopra,2,1,0,8,6,8,false,8.0,133.33,2,0,0,0,0
548516a6,Ravi Singh,1,1,0,4,2,4,false,4.0,200.0,1,0,0,0,0
94bc776b,D Kalyankrishna,3,1,0,3,8,3,false,3.0,37.5,0,0,0,0,0
529eb9e0,OC McCoy,8,1,0,8,5,8,false,8.0,160.0,0,1,0,0,0
ce4cc4d5,R Ninan,2,1,0,3,6,3,false,3.0,50.0,0,0,0,0,0
ada15e88,PSP Handscomb,2,1,0,6,12,6,false,6.0,50.0,0,0,0,0,0
35205dfc,DR Smith,91,88,4,2385,1764,87,true,28.39,135.2,245,117,17,0,8
4329fbb5,SR Watson,145,141,16,3874,2809,117,true,30.99,137.91,376,190,21,4,7
db584dad,CH Gayle,141,141,16,4965,3333,175,true,39.72,148.96,405,357,31,6,8
119678fd,KV Sharma,90,40,14,352,295,39,true,13.54,119.32,20,17,0,0,1
3355b542,F du Plessis,154,147,11,4773,3515,96,false,35.1,135.79,440,174,39,0,7
9d80c5e1,S Nadeem,72,20,6,39,87,6,true,2.79,44.83,2,0,0,0,6
b4b99816,Shubman Gill,134,130,16,4598,3236,129,false,40.33,142.09,446,152,32,5,4
f088b960,SN Khan,58,43,10,746,543,67,false,22.61,137.38,86,20,2,0,4
f10e94c4,AD Nath,14,10,0,90,98,24,false,9.0,91.84,7,2,0,0,1
21d4e29b,Navdeep Saini,34,7,3,33,37,12,true,8.25,89.19,3,0,0,0,0
84d9c311,Ashutosh Sharma,32,26,7,564,334,66,true,29.68,168.86,39,40,2,0,0
ea0cdc12,BAW Mendis,10,3,1,3,6,2,false,1.5,50.0,0,0,0,0,1
0a4ebc61,T Henderson,2,2,0,11,16,11,false,5.5,68.75,0,1,0,0,1
2815fe50,AA Jhunjhunwala,21,15,2,217,210,53,true,16.69,103.33,19,5,1,0,1
c15e2193,FY Fazal,12,11,1,183,173,45,false,18.3,105.78,22,1,0,0,1
c69a7b5c,AS Raut,22,16,7,194,167,36,true,21.56,116.17,13,7,0,0,1
7bf96684,OA Shah,23,22,7,506,389,76,false,33.73,130.08,34,23,4,0,0
96fd40ae,A Nehra,88,17,10,41,62,22,true,5.86,66.13,3,1,0,0,5
bd54eef5,N Jagadeesan,13,10,1,162,147,39,true,18.0,110.2,21,2,0,0,2
b9be6507,AS Yadav,8,6,1,49,39,16,false,9.8,125.64,5,2,0,0,1
5ffc0565,V Nigam,19,10,2,157,89,39,false,19.63,176.4,18,8,0,0,1
4d6d6280,Salman Butt,7,7,0,193,161,73,false,27.57,119.88,30,2,1,0,0
03a83c50,V Viyaskanth,3,1,1,7,5,7,true,,140.0,0,0,0,0,0
9a0146b3,P Sahu,5,2,1,19,13,18,true,19.0,146.15,1,1,0,0,0
ed5a5510,P Dubey,5,2,1,23,33,16,false,23.0,69.7,2,0,0,0,0
3cea23da,N Sindhu,8,5,0,63,50,22,false,12.6,126.0,7,2,0,0,0
b0946605,AS Joseph,22,5,4,27,32,15,true,27.0,84.38,3,0,0,0,1
5d096f3d,RR Powar,27,9,6,67,64,28,true,22.33,104.69,6,1,0,0,1
1a0c3177,P Awana,33,5,3,5,14,4,true,2.5,35.71,0,0,0,0,2
a76d10ba,TM Srivastava,7,3,2,8,11,7,false,8.0,72.73,0,0,0,0,0
38f2c66c,VS Yeligati,2,1,0,2,2,2,false,2.0,100.0,0,0,0,0,0
2bb09eb2,Mohammad Ashraful,1,1,0,2,10,2,false,2.0,20.0,0,0,0,0,0
d7a57f75,D du Preez,2,1,0,10,13,10,false,10.0,76.92,0,0,0,0,0
d1c94b25,CK Langeveldt,7,2,0,8,9,8,false,4.0,88.89,0,1,0,0,1
2a72fd4f,Harmeet Singh,27,4,1,18,12,14,false,6.0,150.0,3,0,0,0,1
faa7365d,DR Shorey,2,2,0,13,17,8,false,6.5,76.47,0,1,0,0,0
9a5f2863,Mohit Rathee,1,1,1,1,2,1,true,,50.0,0,0,0,0,0
e0351c86,DNT Zoysa,3,2,1,11,9,10,true,11.0,122.22,1,0,0,0,0
ee3dfa89,Sunny Gupta,1,1,0,0,1,0,false,0.0,0.0,0,0,0,0,1
896d78ad,AD Mathews,49,41,11,724,575,65,true,24.13,125.91,44,29,1,0,2
2b6e6dec,AC Gilchrist,80,80,4,2069,1495,109,true,27.22,138.39,239,92,11,2,7
dcce6f09,DA Warner,184,184,22,6565,4697,126,false,40.52,139.77,663,236,62,4,11
dc9dd038,Sachin Baby,20,11,2,144,118,33,false,16.0,122.03,11,5,0,0,1
04a418e8,R Parag,97,86,13,1875,1300,95,false,25.68,144.23,135,108,9,0,3
4ae1755b,HC Brook,11,11,2,190,154,100,true,21.11,123.38,23,4,0,1,3
3d284ca3,PD Salt,40,40,3,1258,721,89,true,34.0,174.48,138,67,12,0,4
5bdcdb72,TM Dilshan,51,50,7,1153,1007,76,true,26.81,114.5,140,24,9,0,6
fa463154,AB Agarkar,42,18,9,179,154,39,false,19.89,116.23,13,5,0,0,0
5bb5a915,M Morkel,70,20,10,126,90,23,true,12.6,140.0,11,5,0,0,4
48fd7349,MEK Hussey,59,58,7,1977,1612,116,true,38.76,122.64,198,52,15,1,1
7d415ea5,RT Ponting,10,9,0,91,128,28,false,10.11,71.09,5,2,0,0,3
6c6591ab,PP Ojha,92,19,8,16,45,3,false,1.45,35.56,0,0,0,0,5
b63ab531,LA Pomersbach,17,16,5,302,246,79,true,27.45,122.76,25,13,1,0,0
287686fd,S Narwal,7,4,1,37,27,23,false,12.33,137.04,6,0,0,0,1
1e66c162,JD Unadkat,116,28,12,201,169,26,false,12.56,118.93,16,7,0,0,2
f1f99156,TH David,66,59,24,1151,650,70,true,32.89,177.08,76,83,2,0,4
efc04be7,Noor Ahmad,51,15,4,31,58,8,false,2.82,53.45,2,1,0,0,2
af7dadf7,B Akhil,15,11,5,76,55,27,true,12.67,138.18,5,5,0,0,2
9fc0ef64,PJ Sangwan,42,14,6,26,44,6,true,3.25,59.09,1,0,0,0,4
a12e1d51,SL Malinga,122,20,6,88,99,17,false,6.29,88.89,6,5,0,0,4
0a8fce53,Mustafizur Rahman,60,7,5,13,24,8,true,6.5,54.17,0,1,0,0,1
ba6b2f91,RA Bawa,8,4,1,35,32,16,false,11.67,109.38,2,0,0,0,1
64c34cd0,Shoaib Malik,7,5,1,52,47,24,false,13.0,110.64,5,0,0,0,0
69be866a,Anureet Singh,23,8,4,36,47,15,false,9.0,76.6,2,1,0,0,2
9eb1455b,NT Ellis,17,5,1,19,25,12,false,4.75,76.0,0,1,0,0,2
ef5da05c,AG Murtaza,12,3,2,10,14,5,false,10.0,71.43,1,0,0,0,0
ffe699c0,CJ Jordan,34,12,2,81,77,30,false,8.1,105.19,3,3,0,0,1
5b040b81,A Singh,23,5,1,2,10,1,true,0.5,20.0,0,0,0,0,3
9ca68676,AM Ghazanfar,11,1,1,2,3,2,true,,66.67,0,0,0,0,0
b56dc5f7,BE Hendricks,7,2,1,1,3,1,true,1.0,33.33,0,0,0,0,1
4d7f517e,AJ Hosein,8,3,3,21,13,16,true,,161.54,1,1,0,0,0
acd4f5dc,DP Vijaykumar,9,1,1,1,1,1,true,,100.0,0,0,0,0,0
20a941bb,M Ntini,9,2,1,11,18,11,false,11.0,61.11,2,0,0,0,0
afe3355a,AR Bawne,1,1,1,12,12,12,true,,100.0,1,0,0,0,0
c96f6ac5,PWA Mulder,1,1,0,9,11,9,false,9.0,81.82,1,0,0,0,0
35f173a0,MP Breetzke,1,1,0,14,12,14,false,14.0,116.67,1,1,0,0,0
808f425a,JP Faulkner,60,45,20,527,389,46,false,21.08,135.48,36,23,0,0,0
f5180fe6,MG Johnson,54,28,15,167,164,16,true,12.85,101.83,10,7,0,0,2
752f7486,Ishan Kishan,134,127,9,3600,2508,106,true,30.51,143.54,348,166,23,1,11
f846de6a,MN Samuels,15,14,1,161,172,46,false,12.38,93.6,9,7,0,0,1
4c5d73db,CR Woakes,21,12,6,78,77,18,false,13.0,101.3,7,2,0,0,0
7a8bd078,S Gopal,52,22,8,180,169,24,false,12.86,106.51,19,2,0,0,4
50c6bc2b,LS Livingstone,51,49,7,1066,687,94,false,25.38,155.17,70,76,7,0,3
cf59b3f0,Urvil Patel,10,10,0,197,96,65,false,19.7,205.21,11,20,1,0,2
95a2ea61,S Anirudha,20,12,4,136,113,64,false,17.0,120.35,9,7,1,0,2
e1d1b294,HH Gibbs,36,36,4,886,807,69,true,27.69,109.79,83,31,6,0,4
4180d897,JE Taylor,5,2,1,3,3,2,false,3.0,100.0,0,0,0,0,0
85e0cf10,M Prasidh Krishna,78,8,5,15,31,6,true,5.0,48.39,1,0,0,0,2
9868bc75,BMAJ Mendis,3,3,0,23,27,12,false,7.67,85.19,0,0,0,0,1
9948e262,HE van der Dussen,3,3,1,22,24,12,true,11.0,91.67,2,0,0,0,0
800d2d97,JM Sharma,71,59,11,1107,726,85,true,23.06,152.48,86,68,1,0,3
d7423da1,S Arora,14,11,4,156,98,35,false,22.29,159.18,11,11,0,0,1
3eac9d95,JDP Oram,18,11,3,106,108,41,true,13.25,98.15,6,5,0,0,1
f3cb53a1,MV Boucher,31,23,9,394,309,50,true,28.14,127.51,32,13,1,0,0
d68e7f48,R Rampaul,12,7,2,51,50,23,true,10.2,102.0,3,2,0,0,3
18e6906e,A Choudhary,5,3,2,25,20,15,true,25.0,125.0,1,1,0,0,0
b4f5c2d9,KL Nagarkoti,12,7,3,22,33,8,true,5.5,66.67,1,0,0,0,2
034b4b7d,VRV Singh,19,2,0,4,3,4,false,2.0,133.33,1,0,0,0,1
57efa3be,SB Styris,12,10,3,131,133,36,true,18.71,98.5,10,3,0,0,0
7ca5e05d,RS Bopara,24,22,4,531,453,84,false,29.5,117.22,39,16,3,0,2
7f048519,DJ Willey,11,5,3,53,62,20,true,26.5,85.48,7,0,0,0,1
4d5a1617,R Bishnoi,3,3,0,19,17,18,false,6.33,111.76,1,2,0,0,1
7d3720ba,RR Bhatkal,1,1,0,0,2,0,false,0.0,0.0,0,0,0,0,1
d8b2f218,BB Sran,24,7,6,10,14,3,true,10.0,71.43,0,0,0,0,0
3dba85c2,WA Mota,12,8,2,56,75,25,false,9.33,74.67,2,0,0,0,0
025c4400,MJ Suthar,5,1,0,1,2,1,false,1.0,50.0,0,0,0,0,0
0d232ffd,MA Khote,4,3,1,24,22,9,false,12.0,109.09,2,1,0,0,0
b0c772ee,BJ Haddin,1,1,0,18,11,18,false,18.0,163.64,2,1,0,0,0
9d704f6f,SZ Mulani,2,1,1,1,1,1,true,,100.0,0,0,0,0,0
888e32bf,Abdur Razzak,1,1,1,0,2,0,true,,0.0,0,0,0,0,0
441c72ae,P Ray Barman,1,1,0,19,24,19,false,19.0,79.17,2,0,0,0,0
c4487b84,AB de Villiers,183,170,40,5162,3403,133,true,39.71,151.69,413,251,40,3,10
855a210c,AP Tare,35,27,3,339,273,59,false,14.13,124.18,40,11,1,0,5
4b57e452,M Vijay,106,105,5,2619,2149,127,false,26.19,121.87,247,91,13,2,4
8ba8195d,V Sehwag,104,104,5,2728,1755,122,false,27.56,155.44,334,106,16,2,7
fe11caa6,WP Saha,169,143,22,2934,2300,115,true,24.25,127.57,296,87,13,1,7
919a3be2,RR Pant,139,136,21,3865,2633,128,true,33.61,146.79,350,181,20,2,7
93b4fc78,MK Pandey,180,163,27,4012,3293,114,true,29.5,121.83,348,117,22,1,14
e087956b,BA Stokes,45,43,5,935,698,107,true,24.61,133.95,81,32,2,2,3
2e11c706,BCJ Cutting,21,17,6,238,141,39,true,21.64,168.79,15,19,0,0,1
c995d726,CA Ingram,15,15,3,205,180,47,false,17.08,113.89,22,5,0,0,0
6c19c6e5,YBK Jaiswal,82,82,5,2593,1697,124,false,33.68,152.8,311,110,18,2,4
d5130a30,B Sai Sudharsan,57,57,5,2515,1686,108,true,48.37,149.17,258,83,20,3,1
bcf325d2,Dhruv Jurel,57,51,13,1195,775,81,true,31.45,154.19,98,62,10,0,5
85b3fab2,T Stubbs,47,43,18,980,648,71,true,39.2,151.23,69,46,5,0,2
ff077124,Kamran Akmal,6,6,1,128,78,53,true,25.6,164.1,13,8,1,0,0
b61a3e1a,LRPL Taylor,55,54,14,1017,822,81,true,25.43,123.72,66,46,3,0,3
b720a5d6,DB Ravi Teja,32,25,6,375,317,60,false,19.74,118.3,35,9,1,0,1
6eb146d2,Gurkeerat Singh,41,32,8,511,422,65,false,21.29,121.09,55,11,2,0,4
abfeb126,M Kartik,56,14,7,113,108,21,false,16.14,104.63,7,1,0,0,1
69d03465,AT Carey,3,3,1,32,29,14,true,16.0,110.34,0,1,0,0,0
ad3b6e95,Abishek Porel,36,33,3,769,529,65,false,25.63,145.37,80,28,4,0,2
1fc6ef83,SD Hope,9,9,1,183,122,41,false,22.88,150.0,12,12,0,0,0
8ee36b18,P Nissanka,10,10,0,278,175,62,false,27.8,158.86,33,12,2,0,0
f0f628c7,MM Patel,63,12,6,39,41,23,true,6.5,95.12,5,0,0,0,5
d84378a4,M Kaif,29,22,4,259,250,34,true,14.39,103.6,22,6,0,0,0
e62dd25d,K Rabada,101,34,15,262,239,44,false,13.79,109.62,21,11,0,0,3
26d76ad9,Virat Singh,3,2,0,15,26,11,false,7.5,57.69,1,0,0,0,0
0494fa6e,Vishnu Vinod,7,7,1,71,65,30,false,11.83,109.23,4,4,0,0,0
e03b66ec,Mohammad Asif,8,2,0,3,6,3,false,1.5,50.0,0,0,0,0,1
d4f9dbd4,CA Pujara,30,22,3,390,391,51,false,20.53,99.74,50,4,1,0,1
b2570b38,RV Gomez,13,9,4,50,51,26,true,10.0,98.04,5,1,0,0,3
c2dd89ea,BR Sharath,1,1,0,2,5,2,false,2.0,40.0,0,0,0,0,0
29d72eb2,AA Chavan,13,3,1,12,11,7,true,6.0,109.09,2,0,0,0,0
44aac2f0,Arjun Tendulkar,6,2,1,18,14,13,false,18.0,128.57,0,1,0,0,0
4f629497,SE Bond,8,1,0,1,2,1,false,1.0,50.0,0,0,0,0,0
7c3c0337,Auqib Nabi,5,2,1,14,4,10,true,14.0,350.0,2,1,0,0,0
2eeb4370,C Madan,1,1,0,15,19,15,false,15.0,78.95,3,0,0,0,0
cc777ffa,Abdul Basith,1,1,1,1,1,1,true,,100.0,0,0,0,0,0
ba607b88,V Kohli,282,275,44,9336,6926,113,true,40.42,134.8,845,317,68,9,12
26e5cabf,MK Tiwary,98,83,24,1695,1449,75,true,28.73,116.98,156,40,7,0,8
c3a96caf,Mandeep Singh,111,97,16,1706,1388,77,true,21.06,122.91,176,38,6,0,14
70d205c9,AT Rayudu,204,185,33,4348,3409,100,true,28.61,127.54,359,173,22,1,12
d67d5f00,DA Miller,152,143,52,3288,2357,101,true,36.13,139.5,235,152,14,1,4
85aae393,Iqbal Abdulla,49,13,11,88,84,33,true,44.0,104.76,9,1,0,0,1
fb66ce1f,CH Morris,81,49,21,618,398,82,true,22.07,155.28,41,35,2,0,9
d027ba9f,KS Williamson,79,76,17,2128,1694,89,false,36.07,125.62,186,64,18,0,1
ded9240e,PJ Cummins,80,51,18,642,421,66,true,19.45,152.49,40,44,3,0,4
1a156c88,DJM Short,7,7,0,115,99,44,false,16.43,116.16,11,5,0,0,0
0ebfb1ad,E Lewis,27,26,2,654,477,65,false,27.25,137.11,62,36,4,0,2
bb351c23,MM Ali,73,59,6,1167,835,93,false,22.02,139.76,95,67,6,0,6
39086549,JR Philippe,5,5,1,78,77,33,false,19.5,101.3,9,1,0,0,1
c740ea83,RM Patidar,57,52,4,1612,980,112,true,33.58,164.49,106,110,14,1,1
f19ccfad,Washington Sundar,83,59,16,888,656,55,false,20.65,135.37,82,28,3,0,3
2f9d0389,LH Ferguson,52,8,5,72,47,24,true,24.0,153.19,7,2,0,0,1
cad00a4d,RR Rossouw,22,22,2,473,308,82,true,23.65,153.57,45,25,2,0,4
8d2c70ad,Kuldeep Yadav,111,41,24,210,253,35,true,12.35,83.0,18,3,0,0,4
7c3b3b78,VG Arora,43,11,7,10,27,2,true,2.5,37.04,0,0,0,0,3
f0af99a7,D Ferreira,18,16,4,326,191,69,false,27.17,170.68,26,23,2,0,1
e84ac20c,MJ Henry,9,2,0,7,10,5,false,3.5,70.0,1,0,0,0,0
d0513f63,CL White,47,45,9,954,755,78,false,26.5,126.36,76,36,6,0,4
297b26da,Yashpal Singh,8,4,0,47,66,20,false,11.75,71.21,5,0,0,0,0
626c5379,R Sathish,34,24,7,270,231,27,true,15.88,116.88,22,6,0,0,2
dd09ff8e,B Lee,38,19,9,124,97,25,false,12.4,127.84,8,8,0,0,1
8291f939,AL Menaria,29,23,2,401,356,40,false,19.1,112.64,24,18,0,0,1
f4cb4f53,AP Majumdar,4,4,0,87,76,31,false,21.75,114.47,7,2,0,0,0
6f49cc6e,Shivam Sharma,5,2,1,5,3,4,false,5.0,166.67,1,0,0,0,0
f18ba07f,Ankit Soni,7,3,1,7,9,7,true,3.5,77.78,0,1,0,0,2
77b1aa15,Harshit Rana,33,10,4,59,56,34,false,9.83,105.36,5,3,0,0,1
99b202b3,A Chandila,12,2,2,4,7,4,true,,57.14,0,0,0,0,0
8cf9814c,Mohammed Shami,132,34,15,115,111,21,false,6.05,103.6,9,5,0,0,6
1b7b0fa7,Vivrant Sharma,3,1,0,69,47,69,false,69.0,146.81,9,2,1,0,0
7b44eb3e,Shivang Kumar,13,6,0,53,46,27,false,8.83,115.22,6,1,0,0,0
e48a4814,Krish Bhagat,3,2,1,10,21,7,false,10.0,47.62,0,0,0,0,0
2461eef2,PA Reddy,12,10,0,164,160,42,false,16.4,102.5,15,2,0,0,0
a97c8ec2,PWH de Silva,37,19,4,81,88,18,false,5.4,92.05,7,1,0,0,5
970ddd24,Suryansh Shedge,12,10,3,165,101,57,false,23.57,163.37,9,12,1,0,0
0264c10e,D Salunkhe,6,3,1,33,24,26,true,16.5,137.5,5,0,0,0,0
cf73ad76,JEC Franklin,20,16,5,327,301,79,false,29.73,108.64,25,9,1,0,0
cbf58a86,SK Rasheed,5,5,0,71,63,27,false,14.2,112.7,9,2,0,0,1
0604ef16,SB Bangar,12,7,1,49,58,17,true,8.17,84.48,1,3,0,0,0
acee4cc4,Imran Tahir,59,8,4,33,37,13,true,8.25,89.19,5,0,0,0,0
23cca426,OF Smith,6,6,3,51,44,25,true,17.0,115.91,1,5,0,0,1
de4b0555,R Shukla,7,4,3,19,23,14,false,19.0,82.61,2,0,0,0,0
ac5ae4af,I Udana,10,4,1,15,11,10,true,5.0,136.36,1,1,0,0,1
f12fe2a1,T Dahiya,2,2,0,12,15,11,false,6.0,80.0,2,0,0,0,0
dd7e9b3b,YV Dhull,4,3,0,16,23,13,false,5.33,69.57,1,0,0,0,0
983f2f61,Swapnil Singh,14,9,4,51,45,15,true,10.2,113.33,3,3,0,0,2
5f4e9e8f,RR Raje,10,5,4,20,18,11,true,20.0,111.11,1,1,0,0,0
4b4d1957,PM Sarvesh Kumar,2,1,1,1,2,1,true,,50.0,0,0,0,0,0
2e78f685,KR Sen,12,1,1,0,3,0,true,,0.0,0,0,0,0,0
99d63244,KM Jadhav,95,81,27,1208,981,69,false,22.37,123.14,102,40,4,0,6
53f27a35,BB Samantray,9,8,3,125,113,55,false,25.0,110.62,13,2,1,0,1
3fb19989,MA Starc,58,22,10,111,121,29,false,9.25,91.74,11,0,0,0,4
7dc35884,Shakib Al Hasan,71,52,12,793,637,66,true,19.83,124.49,73,21,2,0,4
2e81a32d,B Kumar,206,75,37,354,377,27,false,9.32,93.9,34,4,0,0,6
76388dc8,S Badree,12,5,0,13,23,8,false,2.6,56.52,0,0,0,0,2
dcf81436,S Kaul,55,9,5,20,36,7,true,5.0,55.56,1,0,0,0,2
90de905a,K Gowtham,36,27,9,247,148,33,true,13.72,166.89,15,17,0,0,2
ce820073,Sandeep Sharma,142,26,20,60,75,9,false,10.0,80.0,4,0,0,0,4
5b8c830e,KH Pandya,158,123,38,1982,1481,86,false,23.32,133.83,173,76,3,0,7
5d2eea49,Kartik Tyagi,34,9,2,24,26,7,false,3.43,92.31,2,1,0,0,2
c8f5f961,Anuj Rawat,24,21,5,318,267,66,false,19.88,119.1,26,14,1,0,4
465aa633,N Burger,18,3,2,14,9,10,true,14.0,155.56,0,1,0,0,0
7050a1e7,DB Das,31,22,8,304,261,35,true,21.71,116.48,23,16,0,0,1
40caa465,T Kohli,4,3,0,11,19,7,false,3.67,57.89,0,1,0,0,0
710dd98c,MN van Wyk,5,5,2,167,132,74,false,55.67,126.52,19,1,1,0,1
87e562a9,DJ Bravo,160,110,41,1560,1204,70,true,22.61,129.57,120,66,5,0,5
e938e1bc,P Kumar,119,57,19,340,314,34,false,8.95,108.28,22,17,0,0,9
41eb4a4f,R Vinay Kumar,104,42,15,310,274,26,true,11.48,113.14,21,9,0,0,3
759ac88f,MM Sharma,120,30,13,125,136,21,true,7.35,91.91,9,4,0,0,4
23eeb873,DL Chahar,103,20,10,142,103,39,false,14.2,137.86,8,9,0,0,4
64775749,RP Meredith,18,2,2,0,3,0,true,,0.0,0,0,0,0,0
eaa76d3c,C Green,43,42,15,1029,681,100,true,38.11,151.1,84,49,4,1,1
3d7e087f,SK Trivedi,76,14,7,42,59,9,false,6.0,71.19,3,1,0,0,1
25eeb281,PC Valthaty,23,23,1,505,418,120,true,22.95,120.81,61,20,2,1,1
881a9bdd,S Chanderpaul,3,3,0,25,31,16,false,8.33,80.65,4,0,0,0,0
c654af19,R McLaren,18,13,5,159,171,51,true,19.88,92.98,14,1,1,0,1
6042bf26,NJ Rimmington,1,1,1,1,1,1,true,,100.0,0,0,0,0,0
0c432afb,P Parameswaran,8,2,2,1,2,1,true,,50.0,0,0,0,0,0
dbc50253,AP Dole,3,2,0,34,22,30,false,17.0,154.55,3,1,0,0,0
a84468fe,DJ Jacobs,7,7,0,92,98,32,false,13.14,93.88,10,4,0,0,1
aedc3b7c,NS Naik,4,4,0,31,50,22,false,7.75,62.0,2,0,0,0,0
1a2676c5,SA Abbott,3,3,0,22,18,14,false,7.33,122.22,1,2,0,0,0
331ea488,UT Khawaja,6,6,0,127,100,30,false,21.17,127.0,14,3,0,0,0
ece7b6b3,PP Hinge,7,2,1,3,9,3,false,3.0,33.33,0,0,0,0,0
b2a79f17,B Laughlin,9,4,2,5,13,4,true,2.5,38.46,0,0,0,0,2
943fd425,I Malhotra,1,1,1,7,4,7,true,,175.0,1,0,0,0,0
030f3089,K Yadav,3,1,1,0,4,0,true,,0.0,0,0,0,0,0
5d1e7582,BKG Mendis,1,1,0,20,10,20,false,20.0,200.0,1,2,0,0,0
6c79c098,DA Payne,2,1,1,6,5,6,true,,120.0,0,0,0,0,0
