player_id,display_name,matches,innings,balls,runs,wickets,dots,wides,noballs,average,economy,strike_rate,best_wickets,best_runs,three_wkt_hauls,four_wkt_hauls,five_wkt_hauls
4ba44e19,M Muralitharan,66,66,1524,1696,63,598,62,2,26.92,6.68,24.19,3,11,5,0,0
3d8feaf8,MR Marsh,68,34,560,795,37,181,30,3,21.49,8.52,15.14,4,25,3,2,0
0a3d54b9,VR Aaron,52,50,994,1481,44,387,72,8,33.66,8.94,22.59,3,16,1,0,0
cc1e8c68,UT Yadav,148,147,3050,4317,144,1185,122,25,29.98,8.49,21.18,4,23,16,3,0
8f6dd463,Azmatullah Omarzai,20,18,354,568,15,118,17,0,37.87,9.63,23.6,2,27,0,0,0
c05edf8e,Harpreet Brar,51,48,859,1145,37,285,22,1,30.95,8.0,23.22,4,30,4,1,0
0dc00542,Shahid Afridi,10,10,180,225,9,57,4,1,25.0,7.5,20.0,3,28,1,0,0
ae78bc32,MS Gony,44,44,888,1287,37,348,32,5,34.78,8.7,24.0,3,31,2,0,0
4353bba5,YA Abdulla,11,11,209,307,15,88,12,1,20.47,8.81,13.93,4,31,3,2,0
24d94623,Ankit Sharma,22,21,367,450,12,137,14,0,37.5,7.36,30.58,2,20,0,0,0
9a158001,Azhar Mahmood,23,23,537,700,29,199,14,5,24.14,7.82,18.52,3,20,4,0,0
d718440b,V Pratap Singh,9,9,204,296,10,71,7,0,29.6,8.71,20.4,2,31,0,0,0
bbd41817,AD Russell,139,121,1806,2863,123,612,77,13,23.28,9.51,14.68,5,15,13,3,1
c6097d68,O Thomas,4,4,60,79,5,17,1,2,15.8,7.9,12.0,2,6,0,0,0
350bb1b1,AF Milne,11,11,227,368,7,71,15,1,52.57,9.73,32.43,2,21,0,0,0
ce794613,T Natarajan,74,73,1553,2378,73,465,82,1,32.58,9.19,21.27,4,19,5,1,0
81c36ee9,M Jansen,49,47,1017,1632,45,361,71,10,36.27,9.63,22.6,3,17,2,0,0
ab89348d,MF Maharoof,20,20,420,520,27,165,21,5,19.26,7.43,15.56,3,34,1,0,0
21ac077a,RR Bose,1,1,12,24,0,5,0,0,,12.0,,0,24,0,0,0
8a668774,Shoaib Ahmed,8,7,102,152,5,33,1,0,30.4,8.94,20.4,2,20,0,0,0
ee7d0c82,GD McGrath,14,14,324,357,12,153,4,1,29.75,6.61,27.0,4,29,1,1,0
91ffa6c6,JD Ryder,29,16,236,303,8,79,6,0,37.88,7.7,29.5,2,14,0,0,0
66cf56a5,A Mithun,16,16,288,472,7,90,15,9,67.43,9.83,41.14,2,37,0,0,0
6821ac10,JJ van der Wath,3,3,72,129,3,29,2,2,43.0,10.75,24.0,2,49,0,0,0
39a2dfa8,R Tewatia,124,52,843,1111,32,264,21,2,34.72,7.91,26.34,3,18,4,0,0
0a67aec0,Akash Deep,14,14,278,548,10,89,24,4,54.8,11.83,27.8,3,45,1,0,0
a1d053dd,SS Cottrell,6,6,120,176,6,58,15,0,29.33,8.8,20.0,2,17,0,0,0
4ec07775,RN ten Doeschate,29,10,78,94,2,22,6,0,47.0,7.23,39.0,1,7,0,0,0
280fff14,Sakib Hussain,11,11,252,397,15,86,25,1,26.47,9.45,16.8,4,24,1,1,0
9ab63e7b,Mohammad Hafeez,8,4,60,68,2,22,6,1,34.0,6.8,30.0,1,8,0,0,0
7c7d63a2,AJ Tye,30,30,684,979,42,208,27,3,23.31,8.59,16.29,5,17,5,4,1
e148e6bd,PR Veer,6,1,12,25,0,5,0,0,,12.5,,0,25,0,0,0
dec8e038,J Theron,10,10,216,293,9,66,12,2,32.56,8.14,24.0,2,17,0,0,0
6ec424a9,ND Doshi,4,4,56,79,2,24,1,0,39.5,8.46,28.0,1,15,0,0,0
26ff4c29,RJ Peterson,5,4,48,70,3,21,0,0,23.33,8.75,16.0,3,37,1,0,0
30a45b23,SPD Smith,103,1,2,5,0,0,0,0,,15.0,,0,5,0,0,0
f986ca1a,HV Patel,123,121,2506,3727,151,807,154,21,24.68,8.92,16.6,5,27,17,5,1
f708a0bc,GB Hogg,21,21,458,570,23,159,17,1,24.78,7.47,19.91,4,29,2,1,0
a818c1be,TA Boult,124,124,2780,3935,145,1135,131,2,27.14,8.49,19.17,4,18,12,2,0
5f547c8b,Rashid Khan,153,153,3530,4282,179,1254,66,0,23.92,7.28,19.72,4,24,19,3,0
327b58d3,PVD Chameera,21,20,396,648,13,151,25,3,49.85,9.82,30.46,2,17,0,0,0
03806cf8,JR Hazlewood,52,52,1176,1690,72,494,36,2,23.47,8.62,16.33,4,12,9,3,0
0c2730df,A Kumble,42,42,965,1058,45,374,26,5,23.51,6.58,21.44,5,5,5,3,1
740742ef,RG Sharma,281,32,339,453,15,88,15,0,30.2,8.02,22.6,4,6,2,1,0
bb18be76,SK Warne,55,54,1194,1447,57,426,39,0,25.39,7.27,20.95,4,21,5,1,0
c8179c68,SB Jakati,59,57,1085,1451,47,337,27,2,30.87,8.02,23.09,4,22,2,2,0
2e8994e7,JP Duminy,83,49,678,834,23,234,32,0,36.26,7.38,29.48,4,17,1,1,0
c3d35165,JA Morkel,90,87,1723,2359,85,646,85,18,27.75,8.21,20.27,4,32,5,1,0
f842c2cf,MJ Clarke,6,5,66,67,2,22,0,0,33.5,6.09,33.0,1,12,0,0,0
32198ae0,MC Henriques,62,60,950,1289,42,306,32,1,30.69,8.14,22.62,3,12,2,0,0
a9fd84fb,M Markande,40,40,750,1145,37,215,18,1,30.95,9.16,20.27,4,15,3,2,0
f834dcfc,L Ngidi,28,27,620,869,42,238,23,2,20.69,8.41,14.76,4,10,7,1,0
2cdce1be,C Sakariya,20,20,444,638,20,146,32,5,31.9,8.62,22.2,3,31,2,0,0
f6d8a7ab,K Kartikeya,16,16,282,407,12,85,10,0,33.92,8.66,23.5,2,22,0,0,0
8db7f47f,RJW Topley,6,6,120,222,5,44,5,0,44.4,11.1,24.0,2,27,0,0,0
c33d8116,Mohsin Khan,31,30,654,917,38,272,29,0,24.13,8.41,17.21,5,23,4,2,1
df064e1a,Ravi Bishnoi,86,85,1789,2494,83,599,65,6,30.05,8.36,21.55,4,41,5,1,0
90edaaa9,S Rana,11,3,16,18,0,5,0,0,,6.75,,0,2,0,0,0
3ae3f034,AUK Pathan,8,3,39,63,0,9,6,0,,9.69,,0,14,0,0,0
d014d5ac,SE Rutherford,31,6,41,59,1,7,5,0,59.0,8.63,41.0,1,6,0,0,0
f752db61,JL Pattinson,10,10,213,320,11,77,9,0,29.09,9.01,19.36,2,19,0,0,0
c5aef772,R Shepherd,33,28,360,706,17,98,23,1,41.53,11.77,21.18,3,54,1,0,0
ee1b6c27,N Thushara,8,8,180,283,9,58,17,3,31.44,9.43,20.0,3,28,2,0,0
dc4686e6,BA Bhatt,17,15,296,397,12,93,7,1,33.08,8.05,24.67,4,22,1,1,0
cfa4bd2b,Y Prithvi Raj,2,2,30,57,1,8,3,0,57.0,11.4,30.0,1,29,0,0,0
be869ccf,GHS Garton,5,5,90,135,3,31,5,2,45.0,9.0,30.0,1,27,0,0,0
872b03f7,A Badoni,66,8,41,63,4,8,0,0,15.75,9.22,10.25,2,4,0,0,0
a4e37e47,S Dube,92,19,154,277,6,30,12,0,46.17,10.79,25.67,2,15,0,0,0
c24a2c5d,S Tyagi,14,14,209,295,6,93,8,3,49.17,8.47,34.83,2,18,0,0,0
864c199e,AC Voges,9,7,54,76,0,15,2,0,,8.44,,0,5,0,0,0
64a4c383,S Sriram,2,2,18,49,0,2,0,0,,16.33,,0,24,0,0,0
e412cb64,HF Gurney,8,8,162,238,7,50,6,1,34.0,8.81,23.14,2,25,0,0,0
c64c2443,J Syed Mohammad,11,11,192,283,8,47,4,0,35.38,8.84,24.0,2,15,0,0,0
ba5e1069,R Ravindra,18,2,12,7,0,5,0,0,,3.5,,0,3,0,0,0
10a91f35,Shoaib Akhtar,3,3,42,54,5,23,4,0,10.8,7.71,8.4,4,11,1,1,0
b2ae53f5,T Thushara,6,6,135,161,8,57,7,2,20.13,7.16,16.88,2,16,0,0,0
1558d83b,GS Sandhu,3,2,48,82,1,9,0,0,82.0,10.25,48.0,1,33,0,0,0
cfad138c,CK Kapugedera,5,3,17,49,0,0,0,0,,17.29,,0,8,0,0,0
50758325,B Geeves,2,2,48,91,1,15,1,0,91.0,11.38,48.0,1,50,0,0,0
d1a60072,N Wadhera,45,2,17,22,0,3,0,0,,7.76,,0,9,0,0,0
266849c1,R Goyal,1,1,24,33,0,6,0,0,,8.25,,0,33,0,0,0
27e71d47,K Upadhyay,3,3,54,81,0,20,2,0,,9.0,,0,19,0,0,0
b69e69ed,AA Noffke,1,1,24,40,1,6,5,0,40.0,10.0,24.0,1,40,0,0,0
9f77963a,Gulbadin Naib,2,1,6,12,0,1,0,0,,12.0,,0,12,0,0,0
16605a1b,AA Kazi,1,1,12,21,0,2,1,0,,10.5,,0,21,0,0,0
1cb14aa4,CJ Dala,1,1,18,34,0,7,1,0,,11.33,,0,34,0,0,0
e186f49c,Mashrafe Mortaza,1,1,24,58,0,6,2,2,,14.5,,0,58,0,0,0
57ee1fde,YS Chahal,189,184,4037,5417,233,1319,139,13,23.25,8.05,17.33,5,40,23,9,1
26a85969,R Dhawan,39,36,662,891,25,205,37,3,35.64,8.08,26.48,2,14,0,0,0
5fa06777,IK Pathan,103,101,2043,2649,80,835,79,1,33.11,7.78,25.54,3,24,4,0,0
addfb70e,SW Tait,21,21,473,640,23,200,69,14,27.83,8.12,20.57,3,13,4,0,0
e342e5fb,CR Brathwaite,16,16,254,379,13,74,9,7,29.15,8.95,19.54,3,47,1,0,0
12b610c2,TM Head,53,7,64,120,3,10,0,0,40.0,11.25,21.33,2,30,0,0,0
0994d0ae,V Shankar,78,22,238,344,9,80,16,5,38.22,8.67,26.44,2,19,0,0,0
dbe50b21,HH Pandya,162,116,1764,2751,82,584,91,10,33.55,9.36,21.51,5,36,6,1,1
aa8d28ae,D Wiese,18,15,296,440,16,82,11,1,27.5,8.92,18.5,4,33,1,1,0
81049310,J Yadav,20,20,390,445,8,153,6,2,55.63,6.85,48.75,1,8,0,0,0
83c3e8e3,SH Johnson,12,12,230,396,7,85,16,1,56.57,10.33,32.86,2,25,0,0,0
c38d3503,Shivam Mavi,32,32,649,942,30,254,33,6,31.4,8.71,21.63,4,21,1,1,0
59559bc2,J Overton,13,13,204,332,14,64,13,0,23.71,9.76,14.57,4,18,3,1,0
2503e881,A Nel,1,1,18,31,1,7,0,0,31.0,10.33,18.0,1,31,0,0,0
aaa1b522,TL Suman,43,11,150,197,6,43,0,2,32.83,7.88,25.0,2,14,0,0,0
e2db2409,M Ashwin,44,44,870,1162,35,283,28,3,33.2,8.01,24.86,3,21,2,0,0
92500ad5,SS Mishra,2,2,38,67,2,15,9,0,33.5,10.58,19.0,2,21,0,0,0
ade90de7,S Midhun,1,1,12,27,0,3,1,0,,13.5,,0,27,0,0,0
60500956,RV Patel,9,1,18,22,0,5,2,0,,7.33,,0,22,0,0,0
4125d931,J Suchith,22,21,420,602,19,140,17,0,31.68,8.6,22.11,2,12,0,0,0
b552a935,AC Thomas,15,15,315,406,14,126,10,2,29.0,7.73,22.5,3,22,1,0,0
8d92a2c3,MA Wood,5,5,120,179,11,47,6,1,16.27,8.95,10.91,5,14,2,1,1
a316d663,GC Viljoen,6,6,138,222,7,43,12,0,31.71,9.65,19.71,2,39,0,0,0
af2c687b,C Munro,13,2,12,15,0,5,0,0,,7.5,,0,7,0,0,0
08548b13,PHKD Mendis,5,4,42,60,2,11,0,0,30.0,8.57,21.0,1,4,0,0,0
d92e42f5,KP Appanna,13,13,216,286,9,68,8,0,31.78,7.94,24.0,4,19,1,1,0
f24ca2ba,C Nanda,3,3,48,57,2,13,2,0,28.5,7.13,24.0,1,4,0,0,0
11614d87,D Pretorius,7,7,150,238,6,42,16,0,39.67,9.52,25.0,2,30,0,0,0
2f3817ce,TP Sudhindra,3,3,70,136,1,18,3,1,136.0,11.66,70.0,1,46,0,0,0
29e95537,AM Rahane,212,1,6,5,1,2,0,0,5.0,5.0,6.0,1,5,0,0,0
7d3937ed,DJ Thornely,6,4,42,40,3,19,2,0,13.33,5.71,14.0,2,7,0,0,0
b2b23612,RG More,2,2,35,59,1,4,2,0,59.0,10.11,35.0,1,31,0,0,0
0164b064,MG Neser,1,1,24,62,0,5,0,1,,15.5,,0,62,0,0,0
249abedf,Jalaj S Saxena,1,1,18,27,0,5,0,0,,9.0,,0,27,0,0,0
39f82db3,DJ Harris,4,2,18,26,0,4,0,0,,8.67,,0,11,0,0,0
27af6414,BJ Rohrer,8,1,6,12,0,1,1,0,,12.0,,0,12,0,0,0
9ff100a6,RS Gavaskar,2,1,6,8,0,2,0,0,,8.0,,0,8,0,0,0
a343262c,JE Root,3,1,12,14,0,1,0,0,,7.0,,0,14,0,0,0
2e9fdf9b,DAJ Bracewell,1,1,24,32,3,10,1,0,10.67,8.0,8.0,3,32,1,0,0
2e11c706,BCJ Cutting,21,17,281,429,10,77,7,0,42.9,9.16,28.1,2,20,0,0,0
e62dd25d,K Rabada,101,101,2290,3358,148,902,97,13,22.69,8.8,15.47,4,21,16,6,0
e03b66ec,Mohammad Asif,8,8,192,296,8,64,6,1,37.0,9.25,24.0,2,19,0,0,0
f0f628c7,MM Patel,63,63,1355,1698,74,590,17,11,22.95,7.52,18.31,5,21,7,3,1
4f629497,SE Bond,8,8,186,224,9,75,6,0,24.89,7.23,20.67,2,24,0,0,0
b2570b38,RV Gomez,13,9,96,129,5,37,1,0,25.8,8.06,19.2,2,14,0,0,0
e087956b,BA Stokes,45,38,689,992,28,228,32,4,35.43,8.64,24.61,3,15,3,0,0
abfeb126,M Kartik,56,55,1149,1388,31,382,42,5,44.77,7.25,37.06,3,17,1,0,0
cc61ee8f,Gurjapneet Singh,8,8,151,233,4,46,12,0,58.25,9.26,37.75,1,7,0,0,0
c695b423,PH Solanki,2,2,36,38,2,11,0,0,19.0,6.33,18.0,2,20,0,0,0
29d72eb2,AA Chavan,13,13,248,326,8,100,8,0,40.75,7.89,31.0,2,23,0,0,0
85b3fab2,T Stubbs,47,5,36,69,4,12,1,0,17.25,11.5,9.0,2,11,0,0,0
7c3c0337,Auqib Nabi,5,5,78,149,0,24,3,3,,11.46,,0,17,0,0,0
b61a3e1a,LRPL Taylor,55,2,12,24,0,0,1,0,,12.0,,0,11,0,0,0
8ba8195d,V Sehwag,104,15,136,235,6,44,1,1,39.17,10.37,22.67,2,18,0,0,0
82c10dac,Abhinandan Singh,3,3,58,122,3,15,2,0,40.67,12.62,19.33,2,30,0,0,0
de7d833e,D Madushanka,1,1,24,36,1,8,4,0,36.0,9.0,24.0,1,36,0,0,0
4b57e452,M Vijay,106,4,36,49,0,8,1,0,,8.17,,0,8,0,0,0
44aac2f0,Arjun Tendulkar,6,6,97,150,4,36,9,1,37.5,9.28,24.25,1,9,0,0,0
6c19c6e5,YBK Jaiswal,82,1,1,6,0,0,0,0,,36.0,,0,6,0,0,0
6eb146d2,Gurkeerat Singh,41,6,78,97,5,26,4,0,19.4,7.46,15.6,2,15,0,0,0
b720a5d6,DB Ravi Teja,32,2,18,28,1,4,0,0,28.0,9.33,18.0,1,19,0,0,0
ded9240e,PJ Cummins,80,80,1809,2680,87,645,96,4,30.8,8.89,20.79,4,34,9,1,0
8cf9814c,Mohammed Shami,132,132,2912,4208,145,1164,156,9,29.02,8.67,20.08,4,11,13,2,0
8d2c70ad,Kuldeep Yadav,111,107,2286,3159,112,684,57,3,28.21,8.29,20.41,4,14,10,4,0
77b1aa15,Harshit Rana,33,32,649,1029,40,247,26,4,25.73,9.51,16.23,3,24,3,0,0
7b44eb3e,Shivang Kumar,13,13,234,375,9,62,6,0,41.67,9.62,26.0,3,33,1,0,0
0264c10e,D Salunkhe,6,5,47,78,1,13,7,1,78.0,9.96,47.0,1,21,0,0,0
dd09ff8e,B Lee,38,38,875,1095,25,374,40,13,43.8,7.51,35.0,3,15,1,0,0
cf73ad76,JEC Franklin,20,15,151,220,9,39,2,2,24.44,8.74,16.78,2,18,0,0,0
85aae393,Iqbal Abdulla,49,48,920,1109,40,331,26,0,27.73,7.23,23.0,3,24,4,0,0
acee4cc4,Imran Tahir,59,59,1316,1703,82,437,38,1,20.77,7.76,16.05,4,12,12,3,0
f19ccfad,Washington Sundar,83,68,1174,1520,40,385,16,2,38.0,7.77,29.35,3,16,3,0,0
2f9d0389,LH Ferguson,52,52,1089,1671,52,394,58,9,32.13,9.21,20.94,4,28,4,1,0
fb66ce1f,CH Morris,81,81,1720,2295,95,666,84,4,24.16,8.01,18.11,4,23,12,4,0
bb351c23,MM Ali,73,57,854,1029,41,295,14,1,25.1,7.23,20.83,4,26,3,1,0
23cca426,OF Smith,6,6,90,178,6,35,4,1,29.67,11.87,15.0,4,30,1,1,0
a97c8ec2,PWH de Silva,37,37,798,1119,46,264,12,0,24.33,8.41,17.35,5,18,3,3,1
2e78f685,KR Sen,12,12,241,387,14,83,13,2,27.64,9.63,17.21,4,20,2,1,0
983f2f61,Swapnil Singh,14,14,162,241,7,39,2,1,34.43,8.93,23.14,2,28,0,0,0
0604ef16,SB Bangar,12,9,150,219,4,55,7,0,54.75,8.76,37.5,2,34,0,0,0
4b4d1957,PM Sarvesh Kumar,2,2,30,42,1,11,1,0,42.0,8.4,30.0,1,18,0,0,0
ba607b88,V Kohli,282,26,251,368,4,52,8,6,92.0,8.8,62.75,2,25,0,0,0
626c5379,R Sathish,34,14,139,232,3,30,5,0,77.33,10.01,46.33,1,11,0,0,0
8291f939,AL Menaria,29,12,110,144,3,40,4,0,48.0,7.85,36.67,2,20,0,0,0
7c3b3b78,VG Arora,43,42,866,1406,47,306,56,10,29.91,9.74,18.43,3,27,3,0,0
ac5ae4af,I Udana,10,10,174,282,8,45,8,0,35.25,9.72,21.75,2,41,0,0,0
26e5cabf,MK Tiwary,98,6,42,83,1,9,5,0,83.0,11.86,42.0,1,11,0,0,0
d0513f63,CL White,47,6,42,86,1,8,5,0,86.0,12.29,42.0,1,14,0,0,0
de4b0555,R Shukla,7,7,120,208,5,38,7,3,41.6,10.4,24.0,2,28,0,0,0
6f49cc6e,Shivam Sharma,5,5,114,165,4,37,0,0,41.25,8.68,28.5,2,26,0,0,0
d027ba9f,KS Williamson,79,2,18,31,0,2,0,0,,10.33,,0,7,0,0,0
5f4e9e8f,RR Raje,10,10,139,209,6,39,8,1,34.83,9.02,23.17,2,16,0,0,0
1b7b0fa7,Vivrant Sharma,3,2,18,37,0,5,2,1,,12.33,,0,18,0,0,0
99b202b3,A Chandila,12,12,234,242,11,103,0,0,22.0,6.21,21.27,4,13,1,1,0
caa89a48,SS Sarkar,2,2,25,34,1,4,0,0,34.0,8.16,25.0,1,15,0,0,0
f0af99a7,D Ferreira,18,3,18,41,1,2,0,0,41.0,13.67,18.0,1,14,0,0,0
36619795,Zeeshan Ansari,10,10,203,333,6,47,5,1,55.5,9.84,33.83,3,42,1,0,0
e84ac20c,MJ Henry,9,9,162,311,4,40,4,0,77.75,11.52,40.5,2,54,0,0,0
f18ba07f,Ankit Soni,7,6,109,144,2,37,3,0,72.0,7.93,54.5,1,16,0,0,0
c3a96caf,Mandeep Singh,111,2,12,26,0,1,0,0,,13.0,,0,8,0,0,0
e48a4814,Krish Bhagat,3,3,36,63,0,15,0,0,,10.5,,0,10,0,0,0
1a156c88,DJM Short,7,2,18,19,1,7,0,0,19.0,6.33,18.0,1,10,0,0,0
62175638,Karim Janat,1,1,6,30,0,0,0,0,,30.0,,0,30,0,0,0
970ddd24,Suryansh Shedge,12,1,18,40,0,1,0,1,,13.33,,0,40,0,0,0
33a364a6,R Bhatia,95,91,1636,2020,71,436,32,2,28.45,7.41,23.04,4,15,4,1,0
3c6ffae8,YK Pathan,174,82,1147,1415,42,393,43,0,33.69,7.4,27.31,3,20,3,0,0
51a3c5ef,MJ McClenaghan,56,56,1274,1803,71,507,68,9,25.39,8.49,17.94,4,21,8,1,0
172dff15,C Bosch,9,8,163,250,13,67,6,2,19.23,9.2,12.54,4,26,2,1,0
3edb58fc,AD Mascarenhas,13,13,308,356,19,124,3,0,18.74,6.94,16.21,5,25,2,1,1
6b19d823,A Mishra,162,162,3371,4145,174,1185,59,21,23.82,7.38,19.37,5,17,17,5,1
cdc6bdba,S Sandeep Warrier,10,10,168,253,8,72,6,2,31.63,9.04,21.0,3,15,1,0,0
244048f6,Arshdeep Singh,97,95,2032,3111,111,714,142,6,28.03,9.19,18.31,5,32,12,3,1
c0c411cb,Naveen-ul-Haq,18,17,387,591,25,133,15,5,23.64,9.16,15.48,4,38,4,1,0
eef2536f,Avesh Khan,82,82,1767,2734,93,610,79,4,29.4,9.28,19.0,4,24,11,1,0
3204c99f,G Coetzee,14,14,273,472,15,90,26,1,31.47,10.37,18.2,4,34,2,1,0
dddca1d6,SB Wagh,8,8,102,137,5,45,6,0,27.4,8.06,20.4,3,16,1,0,0
80b2fb19,Prince Yadav,20,20,449,684,19,156,26,0,36.0,9.14,23.63,3,32,2,0,0
d7b3a420,Jaskaran Singh,8,7,102,171,6,39,5,4,28.5,10.06,17.0,2,18,0,0,0
641ac5ff,IS Sodhi,8,8,181,202,9,64,1,0,22.44,6.7,20.11,3,26,1,0,0
b410bd3d,S Lamichhane,9,9,210,292,13,75,1,0,22.46,8.34,16.15,3,36,2,0,0
6581d753,JM Kemp,5,5,44,54,3,15,3,0,18.0,7.36,14.67,3,12,1,0,0
0c9652b0,HR Shokeen,13,13,204,314,5,78,11,2,62.8,9.24,40.8,2,34,0,0,0
9f961c14,Joginder Sharma,16,15,256,419,12,71,10,7,34.92,9.82,21.33,2,27,0,0,0
e5437608,GF Linde,3,3,37,55,1,10,0,0,55.0,8.92,37.0,1,18,0,0,0
86ae8ef2,MB Parmar,1,1,18,33,0,4,1,0,,11.0,,0,33,0,0,0
0b60eb09,KA Maharaj,2,2,36,39,2,11,0,0,19.5,6.5,18.0,2,23,0,0,0
ddb00822,P Prasanth,1,1,6,18,0,3,0,0,,18.0,,0,18,0,0,0
f5180fe6,MG Johnson,54,54,1232,1702,61,533,66,8,27.9,8.29,20.2,3,26,3,0,0
7a8bd078,S Gopal,52,51,991,1349,52,317,8,1,25.94,8.17,19.06,4,16,5,1,0
d8b2f218,BB Sran,24,24,483,757,18,168,32,7,42.06,9.4,26.83,3,28,1,0,0
85e0cf10,M Prasidh Krishna,78,78,1733,2598,90,687,96,17,28.87,8.99,19.26,4,28,9,3,0
034b4b7d,VRV Singh,19,18,360,542,12,114,7,4,45.17,9.03,30.0,3,29,1,0,0
d68e7f48,R Rampaul,12,12,262,298,14,127,8,2,21.29,6.82,18.71,3,31,1,0,0
808f425a,JP Faulkner,60,60,1227,1778,59,397,50,5,30.14,8.69,20.8,5,16,6,2,2
7f048519,DJ Willey,11,11,216,272,6,79,5,0,45.33,7.56,36.0,2,16,0,0,0
50c6bc2b,LS Livingstone,51,27,312,469,13,81,9,0,36.08,9.02,24.0,3,27,1,0,0
cf0ccafa,M Siddharth,9,9,186,283,9,59,7,3,31.44,9.13,20.67,2,35,0,0,0
57efa3be,SB Styris,12,11,216,276,8,83,6,0,34.5,7.67,27.0,3,32,1,0,0
4180d897,JE Taylor,5,5,117,157,6,48,4,1,26.17,8.05,19.5,3,30,1,0,0
4c5d73db,CR Woakes,21,21,440,658,30,161,22,1,21.93,8.97,14.67,3,6,3,0,0
b4f5c2d9,KL Nagarkoti,12,11,180,285,5,50,5,0,57.0,9.5,36.0,2,13,0,0,0
3dba85c2,WA Mota,12,7,72,97,4,24,2,1,24.25,8.08,18.0,1,6,0,0,0
7ca5e05d,RS Bopara,24,14,206,292,11,61,16,0,26.55,8.5,18.73,3,31,1,0,0
f846de6a,MN Samuels,15,11,214,284,9,79,6,0,31.56,7.96,23.78,3,39,1,0,0
18e6906e,A Choudhary,5,5,101,144,5,42,6,1,28.8,8.55,20.2,2,17,0,0,0
9061a703,J Little,11,11,228,339,11,82,8,0,30.82,8.92,20.73,4,45,1,1,0
9d704f6f,SZ Mulani,2,2,30,57,0,7,3,0,,11.4,,0,24,0,0,0
d167edd3,SM Boland,2,2,42,54,2,14,1,0,27.0,7.71,21.0,2,31,0,0,0
3eac9d95,JDP Oram,18,14,237,349,9,79,6,1,38.78,8.84,26.33,3,32,1,0,0
260fd380,AM Salvi,7,7,150,200,7,57,10,0,28.57,8.0,21.43,2,19,0,0,0
025c4400,MJ Suthar,5,4,48,94,2,17,2,0,47.0,11.75,24.0,1,19,0,0,0
9868bc75,BMAJ Mendis,3,2,30,36,1,11,0,0,36.0,7.2,30.0,1,16,0,0,0
1e030637,V Puthur,5,5,72,109,6,24,1,0,18.17,9.08,12.0,3,32,1,0,0
752f7486,Ishan Kishan,134,1,1,4,0,0,0,0,,24.0,,0,4,0,0,0
7d3720ba,RR Bhatkal,1,1,12,35,0,0,0,0,,17.5,,0,35,0,0,0
449f4e3c,B Muzarabani,2,2,42,75,4,12,2,0,18.75,10.71,10.5,4,41,1,1,0
441c72ae,P Ray Barman,1,1,24,56,0,2,0,0,,14.0,,0,56,0,0,0
b822e99c,NB Singh,2,2,24,15,1,13,1,0,15.0,3.75,24.0,1,7,0,0,0
888e32bf,Abdur Razzak,1,1,12,29,0,5,5,1,,14.5,,0,29,0,0,0
0d232ffd,MA Khote,4,2,30,51,2,5,0,0,25.5,10.2,15.0,2,29,0,0,0
557153ca,KK Cooper,25,25,576,757,33,184,31,1,22.94,7.89,17.45,4,26,5,1,0
462411b3,JJ Bumrah,158,158,3631,4441,187,1452,118,40,23.75,7.34,19.42,5,10,25,5,2
fe93fd9d,RA Jadeja,267,237,4254,5465,180,1342,89,7,30.36,7.71,23.63,5,16,17,4,1
91a4a398,Z Khan,99,99,2200,2782,102,873,89,2,27.27,7.59,21.57,4,17,9,1,0
5bb1a1c4,I Sharma,117,117,2419,3377,96,999,136,23,35.18,8.38,25.2,5,12,4,1,1
db31895a,AS Rajpoot,29,29,529,814,24,192,32,10,33.92,9.23,22.04,5,14,2,1,1
02dfebbe,Yash Raj Punja,8,8,180,279,9,47,6,0,31.0,9.3,20.0,2,35,0,0,0
bd77eb62,A Symonds,39,30,527,674,20,190,17,1,33.7,7.67,26.35,3,21,1,0,0
45c2196c,DE Bollinger,27,27,576,693,37,254,28,2,18.73,7.22,15.57,4,13,4,1,0
a757b0d8,KA Pollard,189,107,1488,2180,69,405,95,8,31.59,8.79,21.57,4,44,3,1,0
73ad96ed,DJ Hooda,125,34,379,546,10,102,14,0,54.6,8.64,37.9,2,16,0,0,0
14f96089,A Zampa,22,22,467,652,31,139,13,0,21.03,8.38,15.06,6,19,3,1,1
8abdf100,CJ Anderson,30,22,297,518,11,79,21,0,47.09,10.46,27.0,2,18,0,0,0
1dc12ab9,SK Raina,204,69,908,1118,25,280,22,0,44.72,7.39,36.32,2,0,0,0,0
1647bd37,Karanveer Singh,9,9,204,321,12,64,9,0,26.75,9.44,17.0,4,54,2,1,0
30df8c66,Simarjeet Singh,14,14,240,400,11,102,18,2,36.36,10.0,21.82,3,26,1,0,0
2ed569a0,RD Chahar,80,79,1694,2196,75,580,39,1,29.28,7.78,22.59,4,27,6,1,0
6a26221c,AK Markram,69,24,223,357,6,55,6,1,59.5,9.61,37.17,2,30,0,0,0
7c503806,J Botha,34,34,694,800,25,254,19,0,32.0,6.92,27.76,3,6,1,0,0
73c18486,KR Mayers,13,6,42,59,0,14,2,2,,8.43,,0,4,0,0,0
2af1b6d2,AN Ahmed,17,17,344,498,12,120,26,5,41.5,8.69,28.67,2,13,0,0,0
611926bc,GR Napier,1,1,24,27,1,8,0,0,27.0,6.75,24.0,1,27,0,0,0
1c2a64cd,A Ashish Reddy,31,20,262,396,18,79,8,2,22.0,9.07,14.56,3,25,1,0,0
fb693839,S Ladda,9,9,138,224,5,48,2,1,44.8,9.74,27.6,2,44,0,0,0
13fc5c6d,DS Rathi,23,23,546,826,19,149,17,2,43.47,9.08,28.74,2,30,0,0,0
a1f1829d,K Goel,22,6,66,93,0,19,1,0,,8.45,,0,7,0,0,0
05c2ca46,RE van der Merwe,21,21,443,498,21,148,12,0,23.71,6.74,21.1,3,20,1,0,0
d45c29b1,Ashwani Kumar,10,10,183,334,17,57,11,2,19.65,10.95,10.76,4,24,2,2,0
5f26df4f,VS Malik,13,13,205,261,6,84,5,2,43.5,7.64,34.17,2,14,0,0,0
cedc1d9a,P Suyal,5,5,96,151,2,36,7,4,75.5,9.44,48.0,1,21,0,0,0
b0482a1d,Tilak Varma,68,4,22,28,0,8,1,0,,7.64,,0,6,0,0,0
85ec8e33,SS Iyer,147,1,6,7,0,4,0,0,,7.0,,0,7,0,0,0
249d60c9,AU Rashid,3,3,60,91,2,20,0,0,45.5,9.1,30.0,2,23,0,0,0
8361e524,SSB Magala,2,2,36,51,1,5,1,0,51.0,8.5,36.0,1,37,0,0,0
6ad3a659,P Amarnath,6,6,132,236,7,29,0,0,33.71,10.73,18.86,2,29,0,0,0
1ee08e9a,JA Richardson,4,4,90,157,3,30,5,0,52.33,10.47,30.0,2,41,0,0,0
eade4650,DJ Mitchell,15,4,48,97,1,5,3,0,97.0,12.13,48.0,1,18,0,0,0
ddc0828d,A Flintoff,3,3,66,105,2,20,0,0,52.5,9.55,33.0,1,11,0,0,0
d872f52a,LA Carseldine,5,1,6,6,1,4,1,0,6.0,6.0,6.0,1,6,0,0,0
94eac556,CJ McKay,2,2,42,60,1,14,0,0,60.0,8.57,42.0,1,36,0,0,0
dee07622,RS Ghosh,1,1,18,24,1,6,0,0,24.0,8.0,18.0,1,24,0,0,0
5451a2c1,B Chipli,23,1,6,20,0,1,0,0,,20.0,,0,20,0,0,0
63bff7f9,SM Harwood,3,3,60,73,3,33,12,0,24.33,7.3,20.0,2,25,0,0,0
9a46c4e5,GD Phillips,14,4,30,40,2,10,1,0,20.0,8.0,15.0,1,10,0,0,0
b8d490fd,AJ Finch,92,5,43,67,1,13,1,0,67.0,9.35,43.0,1,11,0,0,0
7c390b03,RA Shaikh,1,1,6,11,0,1,0,0,,11.0,,0,11,0,0,0
1c914163,Yuvraj Singh,132,73,869,1077,36,258,12,1,29.92,7.44,24.14,4,29,4,2,0
495d42a5,R Ashwin,219,217,4710,5652,187,1606,190,4,30.22,7.2,25.19,4,34,9,1,0
a9da7784,KJ Abbott,5,5,96,177,2,28,6,1,88.5,11.06,48.0,1,38,0,0,0
26989d80,Shashank Singh,54,8,90,140,5,21,3,0,28.0,9.33,18.0,2,20,0,0,0
1abb78f8,SN Thakur,114,109,2202,3514,119,735,149,13,29.53,9.57,18.5,4,34,10,3,0
6b8eb6e5,S Sreesanth,44,44,880,1194,40,399,55,27,29.85,8.14,22.0,3,29,1,0,0
342d8ade,CRD Fernando,10,10,234,298,17,99,11,8,17.53,7.64,13.76,4,18,1,1,0
b2b50355,L Balaji,73,73,1512,2028,76,537,72,4,26.68,8.05,19.89,5,24,7,4,1
93a17209,VY Mahesh,17,17,339,499,21,120,14,7,23.76,8.83,16.14,4,36,2,1,0
871e9faf,Basil Thampi,25,25,521,846,22,152,17,1,38.45,9.74,23.68,3,29,2,0,0
ad427b5c,Lalit Yadav,27,19,288,425,10,82,5,1,42.5,8.85,28.8,2,11,0,0,0
f24c6701,M Theekshana,38,38,876,1207,36,260,32,2,33.53,8.27,24.33,4,33,2,1,0
be24ead0,Ramandeep Singh,38,6,56,94,7,13,10,0,13.43,10.07,8.0,3,20,1,0,0
facb9086,SD Chitnis,11,2,36,60,2,9,6,0,30.0,10.0,18.0,2,40,0,0,0
77255a9e,RA Tripathi,100,1,6,12,0,0,0,0,,12.0,,0,12,0,0,0
e0407c01,IC Pandey,25,24,462,591,18,212,5,2,32.83,7.68,25.67,2,23,0,0,0
edb3d4f8,KC Cariappa,11,11,216,348,8,61,6,2,43.5,9.67,27.0,2,16,0,0,0
cd8d2859,DG Nalkande,6,6,84,148,6,22,4,1,24.67,10.57,14.0,2,21,0,0,0
4885bbe6,Yudhvir Singh,9,9,138,253,8,54,10,1,31.63,11.0,17.25,3,47,1,0,0
da934ee8,MK Lomror,40,11,90,127,1,22,4,0,127.0,8.47,90.0,1,22,0,0,0
89f64c19,LMP Simmons,29,1,18,34,1,2,0,0,34.0,11.33,18.0,1,34,0,0,0
670709ec,SB Joshi,4,4,55,82,1,18,0,0,82.0,8.95,55.0,1,27,0,0,0
8e514b4c,Abdul Samad,71,7,57,125,2,12,5,0,62.5,13.16,28.5,1,9,0,0,0
f5f18a18,S Randiv,8,8,174,223,6,60,6,0,37.17,7.69,29.0,2,24,0,0,0
fdcb08c2,A Uniyal,2,2,36,66,2,8,2,0,33.0,11.0,18.0,2,41,0,0,0
0af3426f,SS Mundhe,1,1,6,6,1,4,1,0,6.0,6.0,6.0,1,6,0,0,0
1a0c3177,P Awana,33,33,747,1029,39,293,23,6,26.38,8.27,19.15,4,34,4,1,0
4329fbb5,SR Watson,145,105,2029,2682,92,803,98,13,29.15,7.93,22.05,4,29,8,1,0
119678fd,KV Sharma,90,87,1585,2215,83,507,26,0,26.69,8.38,19.1,4,16,6,2,0
35205dfc,DR Smith,91,46,539,810,26,168,19,4,31.15,9.02,20.73,4,8,2,1,0
96fd40ae,A Nehra,88,88,1908,2495,106,798,64,9,23.54,7.85,18.0,4,10,14,1,0
2a72fd4f,Harmeet Singh,27,27,525,697,26,189,28,4,26.81,7.97,20.19,3,24,2,0,0
9d80c5e1,S Nadeem,72,70,1415,1784,48,453,27,4,37.17,7.56,29.48,3,16,1,0,0
21d4e29b,Navdeep Saini,34,33,676,1011,23,277,27,12,43.96,8.97,29.39,3,40,1,0,0
b0946605,AS Joseph,22,22,434,691,21,162,21,1,32.9,9.55,20.67,6,12,1,1,1
5ffc0565,V Nigam,19,18,288,469,13,85,9,5,36.08,9.77,22.15,2,18,0,0,0
5d096f3d,RR Powar,27,26,426,527,13,166,25,1,40.54,7.42,32.77,2,11,0,0,0
db584dad,CH Gayle,141,38,554,729,18,180,46,3,40.5,7.9,30.78,3,21,1,0,0
9a0146b3,P Sahu,5,5,105,146,3,24,2,0,48.67,8.34,35.0,2,18,0,0,0
890de8cb,Gagandeep Singh,4,4,84,141,3,25,0,0,47.0,10.07,28.0,1,33,0,0,0
3355b542,F du Plessis,154,1,6,16,0,0,0,0,,16.0,,0,16,0,0,0
c69a7b5c,AS Raut,22,5,30,44,0,6,0,0,,8.8,,0,6,0,0,0
2815fe50,AA Jhunjhunwala,21,10,85,129,1,27,3,0,129.0,9.11,85.0,1,13,0,0,0
c15e2193,FY Fazal,12,2,12,20,0,1,0,0,,10.0,,0,6,0,0,0
9a5f2863,Mohit Rathee,1,1,12,29,0,3,0,0,,14.5,,0,29,0,0,0
ed5a5510,P Dubey,5,5,78,111,2,23,1,0,55.5,8.54,39.0,1,19,0,0,0
d1c94b25,CK Langeveldt,7,7,156,187,13,69,8,1,14.38,7.19,12.0,3,15,1,0,0
e0351c86,DNT Zoysa,3,3,66,99,2,24,1,2,49.5,9.0,33.0,1,30,0,0,0
03a83c50,V Viyaskanth,3,3,60,86,1,16,0,0,86.0,8.6,60.0,1,37,0,0,0
ea0cdc12,BAW Mendis,10,10,240,285,8,76,7,1,35.63,7.13,30.0,2,19,0,0,0
d7a57f75,D du Preez,2,2,42,56,4,18,0,1,14.0,8.0,10.5,3,32,1,0,0
0a4ebc61,T Henderson,2,2,36,40,1,14,0,0,40.0,6.67,36.0,1,30,0,0,0
f088b960,SN Khan,58,1,2,6,0,0,0,0,,18.0,,0,6,0,0,0
38f2c66c,VS Yeligati,2,2,30,59,0,6,6,0,,11.8,,0,16,0,0,0
ee3dfa89,Sunny Gupta,1,1,18,47,0,0,2,0,,15.67,,0,47,0,0,0
51ec3919,T Vijay,1,1,12,29,0,2,0,0,,14.5,,0,29,0,0,0
e938e1bc,P Kumar,119,119,2524,3251,90,1075,144,1,36.12,7.73,28.04,3,18,3,0,0
ce820073,Sandeep Sharma,142,142,3159,4294,151,1205,120,13,28.44,8.16,20.92,5,18,12,3,1
87e562a9,DJ Bravo,160,158,3120,4360,183,998,173,9,23.83,8.38,17.05,4,22,16,2,0
2e81a32d,B Kumar,206,206,4600,5913,226,1897,192,13,26.16,7.71,20.35,5,19,22,5,2
759ac88f,MM Sharma,120,119,2403,3513,134,813,58,11,26.22,8.77,17.93,5,10,16,4,1
41eb4a4f,R Vinay Kumar,104,104,2121,2966,105,763,50,10,28.25,8.39,20.2,4,40,10,1,0
7dc35884,Shakib Al Hasan,71,70,1484,1839,63,504,37,0,29.19,7.44,23.56,3,17,2,0,0
eaa76d3c,C Green,43,39,571,898,23,192,38,2,39.04,9.44,24.83,2,12,0,0,0
5b8c830e,KH Pandya,158,147,2701,3410,107,845,99,3,31.87,7.57,25.24,4,45,9,1,0
ece7b6b3,PP Hinge,7,7,156,305,14,60,9,3,21.79,11.73,11.14,4,34,2,1,0
465aa633,N Burger,18,18,363,585,21,146,39,1,27.86,9.67,17.29,2,21,0,0,0
c654af19,R McLaren,18,18,354,542,12,116,19,3,45.17,9.19,29.5,2,28,0,0,0
0c432afb,P Parameswaran,8,8,154,224,9,64,4,1,24.89,8.73,17.11,3,30,1,0,0
25eeb281,PC Valthaty,23,10,151,205,7,44,6,0,29.29,8.15,21.57,4,29,1,1,0
23eeb873,DL Chahar,103,103,2068,2862,96,871,101,7,29.81,8.3,21.54,4,13,7,2,0
dcf81436,S Kaul,55,55,1209,1739,58,387,27,6,29.98,8.63,20.84,4,29,4,1,0
b2a79f17,B Laughlin,9,9,168,282,10,42,10,1,28.2,10.07,16.8,2,15,0,0,0
3fb19989,MA Starc,58,56,1191,1750,76,468,95,7,23.03,8.82,15.67,5,35,12,4,1
3d7e087f,SK Trivedi,76,75,1506,1904,65,492,55,9,29.29,7.59,23.17,4,25,5,1,0
64775749,RP Meredith,18,18,388,612,19,147,38,2,32.21,9.46,20.42,2,24,0,0,0
5d2eea49,Kartik Tyagi,34,33,728,1211,33,255,37,12,36.7,9.98,22.06,3,22,2,0,0
76388dc8,S Badree,12,12,258,319,11,109,10,0,29.0,7.42,23.45,4,9,1,1,0
1a2676c5,SA Abbott,3,3,54,104,1,13,5,0,104.0,11.56,54.0,1,47,0,0,0
dbc50253,AP Dole,3,3,66,112,5,20,6,1,22.4,10.18,13.2,2,36,0,0,0
90de905a,K Gowtham,36,35,588,808,21,206,11,0,38.48,8.24,28.0,2,12,0,0,0
030f3089,K Yadav,3,3,54,84,2,13,0,0,42.0,9.33,27.0,1,18,0,0,0
6c79c098,DA Payne,2,2,30,70,2,5,1,0,35.0,14.0,15.0,2,35,0,0,0
fef92afc,SC Kuggeleijn,2,2,48,71,2,17,2,0,35.5,8.88,24.0,2,37,0,0,0
0bf15e52,Harmeet Singh,1,1,24,34,1,12,1,0,34.0,8.5,24.0,1,34,0,0,0
fdf7491e,IC Porel,1,1,24,39,1,7,2,0,39.0,9.75,24.0,1,39,0,0,0
fb24e76c,Monu Kumar,1,1,12,20,0,4,3,1,,10.0,,0,20,0,0,0
943fd425,I Malhotra,1,1,6,23,0,0,0,0,,23.0,,0,23,0,0,0
6042bf26,NJ Rimmington,1,1,18,19,0,9,0,0,,6.33,,0,19,0,0,0
6c6591ab,PP Ojha,92,90,1899,2332,89,667,69,2,26.2,7.37,21.34,3,11,5,0,0
a12e1d51,SL Malinga,122,122,2827,3366,170,1144,152,20,19.8,7.14,16.63,5,13,19,7,1
5bb5a915,M Morkel,70,70,1629,2089,77,708,71,13,27.13,7.69,21.16,4,20,6,1,0
b56dc5f7,BE Hendricks,7,7,150,235,9,52,10,1,26.11,9.4,16.67,3,36,1,0,0
0a8fce53,Mustafizur Rahman,60,60,1364,1849,65,487,51,8,28.45,8.13,20.98,4,29,7,1,0
efc04be7,Noor Ahmad,51,51,1098,1495,61,358,50,5,24.51,8.17,18.0,4,18,6,2,0
1e66c162,JD Unadkat,116,115,2351,3504,114,757,73,1,30.74,8.94,20.62,5,25,11,2,2
04a418e8,R Parag,97,34,319,515,9,70,17,0,57.22,9.69,35.44,1,5,0,0,0
dadbdb68,JA Duffy,6,6,144,263,9,54,11,1,29.22,10.96,16.0,3,22,2,0,0
9ca68676,AM Ghazanfar,11,11,233,389,15,69,6,0,25.93,10.02,15.53,2,17,0,0,0
9440ef41,Suyash Sharma,39,39,803,1190,27,249,22,1,44.07,8.89,29.74,3,17,2,0,0
9fc0ef64,PJ Sangwan,42,42,856,1240,38,319,52,6,32.63,8.69,22.53,3,18,3,0,0
fa463154,AB Agarkar,42,42,782,1151,29,254,37,2,39.69,8.83,26.97,3,25,1,0,0
af7dadf7,B Akhil,15,13,188,242,6,60,5,2,40.33,7.72,31.33,2,17,0,0,0
5b040b81,A Singh,23,23,473,620,28,189,16,1,22.14,7.86,16.89,4,19,3,1,0
896d78ad,AD Mathews,49,44,791,1079,27,224,24,1,39.96,8.18,29.3,4,19,2,1,0
fa2f1dde,K Khejroliya,9,9,151,277,6,39,8,4,46.17,11.01,25.17,2,33,0,0,0
9eb1455b,NT Ellis,17,17,378,546,19,117,10,3,28.74,8.67,19.89,4,30,2,1,0
b483905d,Akash Singh,12,12,247,406,13,91,13,0,31.23,9.86,19.0,3,26,1,0,0
ef5da05c,AG Murtaza,12,12,264,313,9,101,9,0,34.78,7.11,29.33,3,15,1,0,0
5bdcdb72,TM Dilshan,51,25,271,366,5,79,5,0,73.2,8.1,54.2,1,3,0,0,0
d2340a43,Anand Rajan,8,8,149,201,8,57,12,1,25.13,8.09,18.63,3,27,1,0,0
ffe699c0,CJ Jordan,34,34,668,1070,30,205,41,5,35.67,9.61,22.27,4,11,3,1,0
20a941bb,M Ntini,9,9,210,242,7,99,2,2,34.57,6.91,30.0,4,21,1,1,0
acd4f5dc,DP Vijaykumar,9,9,152,199,4,63,5,2,49.75,7.86,38.0,1,17,0,0,0
531f0278,K Santokie,2,2,48,90,3,15,3,0,30.0,11.25,16.0,2,50,0,0,0
287686fd,S Narwal,7,6,106,202,5,37,7,0,40.4,11.43,21.2,3,36,1,0,0
69be866a,Anureet Singh,23,22,412,623,18,139,15,7,34.61,9.07,22.89,3,23,1,0,0
dcce6f09,DA Warner,184,1,1,2,0,0,1,0,,12.0,,0,2,0,0,0
4d7f517e,AJ Hosein,8,8,172,238,9,63,1,2,26.44,8.3,19.11,4,17,1,1,0
64c34cd0,Shoaib Malik,7,5,51,85,2,15,7,1,42.5,10.0,25.5,1,6,0,0,0
dc9dd038,Sachin Baby,20,2,10,8,2,5,0,0,4.0,4.8,5.0,2,4,0,0,0
ba6b2f91,RA Bawa,8,2,24,50,2,7,8,1,25.0,12.5,12.0,1,11,0,0,0
c96f6ac5,PWA Mulder,1,1,6,16,0,1,0,0,,16.0,,0,16,0,0,0
f1f99156,TH David,66,1,6,18,0,1,0,0,,18.0,,0,18,0,0,0
67af6f81,RW Price,1,1,18,33,0,1,0,0,,11.0,,0,33,0,0,0
c3c92b42,RS Hangargekar,2,2,36,60,3,14,6,1,20.0,10.0,12.0,3,36,1,0,0
2b6e6dec,AC Gilchrist,80,1,1,0,1,1,0,0,0.0,0.0,1.0,1,0,0,0,0
b51f72a5,SS Agarwal,1,1,24,42,1,7,0,0,42.0,10.5,24.0,1,42,0,0,0
c3d1402f,RP Singh,82,82,1775,2338,90,744,89,13,25.98,7.9,19.72,4,22,11,2,0
98ae73b1,PP Chawla,192,191,3850,5108,192,1325,79,2,26.6,7.96,20.05,4,17,15,2,0
6aed7e79,PV Tambe,33,33,660,853,28,204,19,0,30.46,7.75,23.57,4,20,2,1,0
8b5b6769,Harbhajan Singh,163,160,3416,4030,150,1263,98,4,26.87,7.08,22.77,5,18,11,2,1
e4a0deae,MJ Santner,35,35,687,860,30,241,24,1,28.67,7.51,22.9,3,11,1,0,0
b681e71e,GJ Maxwell,141,85,1022,1413,41,328,32,0,34.46,8.3,24.93,2,15,0,0,0
68c56d09,KA Jamieson,15,15,300,506,16,114,12,3,31.63,10.12,18.75,3,41,2,0,0
aad0c365,Nithish Kumar Reddy,42,26,325,577,13,92,21,3,44.38,10.65,25.0,2,17,0,0,0
5574750c,JC Archer,68,68,1578,2161,84,677,89,11,25.73,8.22,18.79,3,15,10,0,0
f233bbb4,ST Jayasuriya,30,21,294,390,13,83,15,0,30.0,7.96,22.62,3,14,1,0,0
ce4cc4d5,R Ninan,2,2,36,65,3,8,0,0,21.67,10.83,12.0,2,31,0,0,0
2498e163,JR Hopes,21,20,360,548,14,105,9,0,39.14,9.13,25.71,2,2,0,0,0
d7c6af50,DL Vettori,34,34,777,879,28,270,8,0,31.39,6.79,27.75,3,15,2,0,0
2e171977,AR Patel,177,173,3579,4431,139,1165,68,0,31.88,7.43,25.75,4,21,4,1,0
7d92277a,Mujeeb Ur Rahman,20,20,446,620,20,151,33,0,31.0,8.34,22.3,3,27,1,0,0
62af8546,Mohammad Nabi,24,23,417,517,15,146,3,0,34.47,7.44,27.8,4,11,1,1,0
e86754b2,TK Curran,13,13,238,430,13,57,11,3,33.08,10.84,18.31,3,29,1,0,0
acdc62f5,A Nortje,49,49,1120,1696,61,422,57,8,27.8,9.09,18.36,3,33,4,0,0
3a60e0b5,WD Parnell,33,33,723,937,35,296,50,6,26.77,7.78,20.66,3,10,4,0,0
f9e6e7ef,Shahbaz Ahmed,63,50,655,1069,27,168,18,2,39.59,9.79,24.26,3,7,2,0,0
4bd09374,Akash Madhwal,17,17,352,590,23,105,21,7,25.65,10.06,15.3,5,5,5,2,1
c03c6200,DJG Sammy,22,19,236,350,11,72,7,2,31.82,8.9,21.45,4,22,1,1,0
b1451597,LR Shukla,47,27,314,447,15,109,16,2,29.8,8.54,20.93,3,6,2,0,0
1da489ff,S Kaushik,10,10,204,297,6,68,5,1,49.5,8.74,34.0,3,20,1,0,0
133bbd61,Brijesh Sharma,13,13,273,450,14,84,21,4,32.14,9.89,19.5,2,18,0,0,0
e4cdf230,AS Roy,25,22,323,479,15,106,29,0,31.93,8.9,21.53,2,19,0,0,0
5d9a1a73,R Sharma,44,44,928,1086,40,334,7,0,27.15,7.02,23.2,3,13,1,0,0
0f12f9df,NLTC Perera,37,36,698,1016,31,227,15,3,32.77,8.73,22.52,3,20,3,0,0
fb2d1dda,N Rana,127,27,216,325,10,65,7,0,32.5,9.03,21.6,2,11,0,0,0
99258814,Gurnoor Brar,1,1,18,42,0,7,1,2,,14.0,,0,42,0,0,0
0a476045,S Dhawan,222,6,48,66,4,17,1,0,16.5,8.25,12.0,1,7,0,0,0
13c35c9e,TG Southee,54,54,1206,1742,47,447,56,4,37.06,8.67,25.66,3,20,4,0,0
9219eff0,JDS Neesham,14,13,216,334,8,63,6,0,41.75,9.28,27.0,3,12,1,0,0
9caf69a1,WG Jacks,28,19,191,314,10,62,15,1,31.4,9.86,19.1,2,14,0,0,0
fffa744b,Naman Dhir,37,5,52,76,0,11,1,0,,8.77,,0,9,0,0,0
b57f8a9a,BJ Hodge,66,20,234,303,17,75,9,0,17.82,7.77,13.76,4,13,2,1,0
c42aaf71,M Manhas,55,3,42,42,0,15,0,0,,6.0,,0,9,0,0,0
19b9f399,CJ Green,1,1,17,24,0,6,0,0,,8.47,,0,24,0,0,0
529eb9e0,OC McCoy,8,8,161,250,11,49,17,2,22.73,9.32,14.64,3,23,1,0,0
11061889,SR Dubey,4,4,77,106,5,37,14,0,21.2,8.26,15.4,2,28,0,0,0
798934ea,C Ganapathy,1,1,6,13,0,1,0,0,,13.0,,0,13,0,0,0
7dcb9bc9,M Shahrukh Khan,64,3,18,28,1,4,0,0,28.0,9.33,18.0,1,13,0,0,0
e1b9f3a9,BJ Dwarshuis,1,1,24,51,1,6,5,0,51.0,12.75,24.0,1,51,0,0,0
a1d95bd8,LB Williams,2,2,36,72,1,12,9,2,72.0,12.0,36.0,1,38,0,0,0
94bc776b,D Kalyankrishna,3,3,48,87,2,10,2,0,43.5,10.88,24.0,1,30,0,0,0
8fd1a8f5,DW Steyn,95,95,2176,2508,97,1019,110,7,25.86,6.92,22.43,3,8,8,0,0
bd17b45f,STR Binny,95,63,594,758,22,199,16,1,34.45,7.66,27.0,2,14,0,0,0
2c76b512,DJ Muthuswami,6,6,84,101,4,44,0,0,25.25,7.21,21.0,2,18,0,0,0
56ab442f,NM Coulter-Nile,39,38,857,1100,48,368,28,9,22.92,7.7,17.85,4,14,7,2,0
4b31f3a3,Yash Thakur,22,22,467,825,27,146,33,5,30.56,10.6,17.3,5,30,3,2,1
2cffab74,Mukesh Kumar,42,42,824,1455,42,270,48,7,34.64,10.59,19.62,4,33,4,1,0
a2f46292,KK Ahmed,76,76,1657,2474,91,683,80,8,27.19,8.96,18.21,3,21,9,0,0
756389bd,S Vidyut,9,1,12,22,1,5,1,0,22.0,11.0,12.0,1,22,0,0,0
c404f58a,DP Nannes,29,29,646,785,28,285,47,4,28.04,7.29,23.07,3,27,2,0,0
2049f3a0,SJ Srivastava,14,14,282,441,14,103,31,1,31.5,9.38,20.14,2,20,0,0,0
86dc8f2e,JH Kallis,98,89,1742,2293,65,601,62,9,35.28,7.9,26.8,3,13,2,0,0
f3171936,BW Hilfenhaus,17,17,372,479,22,173,15,3,21.77,7.73,16.91,3,27,1,0,0
a45a5e8d,AM Nayar,60,19,229,322,9,69,11,0,35.78,8.44,25.44,3,13,1,0,0
dfc4d8b5,KW Richardson,15,15,335,472,19,129,14,0,24.84,8.45,17.63,3,13,1,0,0
4933f499,JP Behrendorff,17,17,366,552,19,139,17,0,29.05,9.05,19.26,3,23,2,0,0
81c08fa3,Umran Malik,26,26,493,772,29,205,36,4,26.62,9.4,17.0,5,25,4,2,1
2f49c897,Mohammed Siraj,125,125,2672,3911,128,1111,186,8,30.55,8.78,20.88,4,17,10,3,0
7210d461,Yash Dayal,43,43,871,1390,41,307,47,10,33.9,9.58,21.24,3,20,2,0,0
5b615e7c,Raghu Sharma,6,5,90,130,1,23,0,0,130.0,8.67,90.0,1,36,0,0,0
3ff033bb,MD Shanaka,10,3,36,60,1,7,2,0,60.0,10.0,36.0,1,29,0,0,0
88fccd6c,SM Pollock,13,13,276,301,11,130,4,0,27.36,6.54,25.09,3,12,1,0,0
fd835ab3,DJ Hussey,64,26,317,474,8,86,7,0,59.25,8.97,39.63,2,2,0,0,0
8998a68f,Sumit Kumar,4,2,20,38,0,4,2,0,,11.4,,0,19,0,0,0
75224f22,KMA Paul,8,8,163,237,9,52,16,5,26.33,8.72,18.11,3,17,2,0,0
97290faf,S Joseph,1,1,24,47,0,9,7,3,,11.75,,0,47,0,0,0
402f8494,RJ Gleeson,3,3,68,110,2,24,4,1,55.0,9.71,34.0,1,30,0,0,0
6834d1f2,B Stanlake,6,6,144,200,7,64,6,0,28.57,8.33,20.57,2,21,0,0,0
844e79d1,D Brevis,27,1,3,8,1,1,0,0,8.0,16.0,3.0,1,8,0,0,0
33ffc3dd,R Sanjay Yadav,1,1,12,23,0,6,2,0,,11.5,,0,23,0,0,0
bae11797,Y Gnaneswara Rao,2,1,6,7,0,3,0,0,,7.0,,0,7,0,0,0
378daa89,Aman Hakim Khan,12,1,6,13,0,1,0,0,,13.0,,0,13,0,0,0
c28e9f12,Tejas Baroka,1,1,21,33,0,6,0,0,,9.43,,0,33,0,0,0
9d430b40,SP Narine,201,200,4651,5261,207,1784,89,6,25.42,6.79,22.47,5,19,17,8,1
d2a989fc,DS Kulkarni,92,92,1787,2474,86,742,103,7,28.77,8.31,20.78,4,14,7,1,0
957532de,S Aravind,38,38,760,1039,45,290,31,1,23.09,8.2,16.89,4,14,3,2,0
c18496e1,Bipul Sharma,33,28,426,572,17,131,15,0,33.65,8.06,25.06,2,13,0,0,0
5b7ab5a9,CV Varun,94,94,2134,2745,111,773,50,8,24.73,7.72,19.23,5,20,11,2,1
c7a995d3,R Sai Kishore,28,27,465,697,33,136,12,0,21.12,8.99,14.09,4,33,2,1,0
bcce309e,WPUJC Vaas,13,13,282,355,18,128,8,2,19.72,7.55,15.67,3,21,1,0,0
a386e91b,PD Collingwood,8,6,89,101,5,24,1,0,20.2,6.81,17.8,2,19,0,0,0
2a2e6343,DT Christian,49,49,883,1192,38,296,37,3,31.37,8.1,23.24,2,10,0,0,0
f62772e5,P Negi,50,42,716,939,34,237,17,0,27.62,7.87,21.06,4,18,2,1,0
46a9bea1,TU Deshpande,53,53,1103,1858,55,377,85,7,33.78,10.11,20.05,4,27,5,1,0
9170ff49,Parvez Rasool,11,11,198,271,4,60,3,0,67.75,8.21,49.5,1,20,0,0,0
a03bba42,T Shamsi,5,5,120,181,3,28,0,0,60.33,9.05,40.0,1,21,0,0,0
b8527c3d,Rasikh Salam,25,25,488,814,29,151,25,4,28.07,10.01,16.83,4,24,5,1,0
66b30f71,AB Dinda,78,75,1516,2073,69,627,72,14,30.04,8.2,21.97,4,18,5,1,0
39f01cdb,KP Pietersen,36,13,174,215,7,54,10,0,30.71,7.41,24.86,2,31,0,0,0
12eddf28,RJ Harris,37,37,832,1047,45,364,48,1,23.27,7.55,18.49,4,34,6,1,0
9a963804,LE Plunkett,7,7,150,225,4,39,4,0,56.25,9.0,37.5,3,17,1,0,0
94253925,GH Vihari,24,6,42,47,1,17,1,0,47.0,6.71,42.0,1,5,0,0,0
5750bcb4,E Malinga,22,22,486,745,33,167,30,0,22.58,9.2,14.73,4,32,3,1,0
16043342,AB McDonald,10,10,186,261,11,50,2,0,23.73,8.42,16.91,2,25,0,0,0
64839cb3,M Pathirana,33,33,710,1025,47,240,105,2,21.81,8.66,15.11,4,28,5,1,0
caf69bf7,DR Sams,16,16,360,523,14,142,32,2,37.36,8.72,25.71,4,30,2,1,0
26d041c4,Sikandar Raza,9,7,84,141,3,21,7,1,47.0,10.07,28.0,1,19,0,0,0
107c26fb,KT Maphaka,4,4,66,143,2,22,5,0,71.5,13.0,33.0,1,23,0,0,0
a7c226e1,FH Edwards,6,6,140,154,5,70,9,1,30.8,6.6,28.0,2,27,0,0,0
d4eef961,M de Lange,5,5,108,169,5,39,10,2,33.8,9.39,21.6,3,34,1,0,0
6ef60d3a,Kamran Khan,9,9,160,224,9,62,9,1,24.89,8.4,17.78,3,18,1,0,0
a24be938,VR Iyer,68,9,81,143,3,15,2,1,47.67,10.59,27.0,2,29,0,0,0
50c09020,Ashok Sharma,6,6,126,228,6,48,10,1,38.0,10.86,21.0,2,32,0,0,0
798cc28e,KM Asif,7,7,133,231,7,46,10,2,33.0,10.42,19.0,2,42,0,0,0
78eb4223,KAJ Roach,2,2,48,80,0,20,3,1,,10.0,,0,32,0,0,0
cca50cd6,LJ Wright,7,6,71,124,2,14,4,0,62.0,10.48,35.5,1,12,0,0,0
650d5e49,R Powell,39,2,18,35,1,4,2,1,35.0,11.67,18.0,1,18,0,0,0
5b16a806,A Dananjaya,1,1,24,47,0,6,1,0,,11.75,,0,47,0,0,0
d621b427,Musheer Khan,1,1,12,27,1,1,0,0,27.0,13.5,12.0,1,27,0,0,0
8dc152d1,D Jansen,1,1,24,53,1,6,4,0,53.0,13.25,24.0,1,53,0,0,0
c27b5a0e,PVSN Raju,2,2,24,53,1,3,5,0,53.0,13.25,24.0,1,40,0,0,0
65b6943c,L Wood,2,2,36,93,1,8,1,1,93.0,15.5,36.0,1,68,0,0,0
52294a79,H Sharma,2,2,30,57,0,2,0,0,,11.4,,0,28,0,0,0
1be70c88,LPC Silva,3,1,6,21,0,0,0,0,,21.0,,0,21,0,0,0
5673a3fc,NL McCullum,2,2,30,34,0,10,0,0,,6.8,,0,12,0,0,0
4c4fa80b,SMSM Senanayake,8,8,192,209,9,73,3,0,23.22,6.53,21.33,2,26,0,0,0
012829ff,JW Hastings,3,3,58,66,3,31,2,1,22.0,6.83,19.33,2,6,0,0,0
fcc21ace,A Kamboj,25,25,491,816,31,186,15,7,26.32,9.97,15.84,3,13,4,0,0
54e52590,Vijaykumar Vyshak,26,25,519,906,26,142,32,3,34.85,10.47,19.96,3,20,2,0,0
16dfcc19,Umar Gul,6,6,135,184,12,51,12,6,15.33,8.18,11.25,4,23,2,1,0
fe763256,Y Venugopal Rao,65,20,216,337,6,59,8,0,56.17,9.36,36.0,2,23,0,0,0
d9273ee7,MP Stoinis,123,75,935,1547,46,249,44,2,33.63,9.93,20.33,4,15,4,1,0
d3611425,LI Meriwala,1,1,18,32,1,6,0,1,32.0,10.67,18.0,1,32,0,0,0
765a4731,Mukesh Choudhary,24,24,483,771,25,198,28,1,30.84,9.58,19.32,4,46,3,1,0
e94915e6,SM Curran,64,63,1253,2033,59,394,48,7,34.46,9.74,21.24,4,11,7,1,0
a457cfb5,Mayank Dagar,8,8,137,203,2,43,5,0,101.5,8.89,68.5,1,23,0,0,0
271f83cd,SA Yadav,179,1,6,8,0,2,0,0,,8.0,,0,8,0,0,0
fb5f69e4,M Tiwari,5,4,66,101,4,19,9,0,25.25,9.18,16.5,2,27,0,0,0
a90e53ec,MW Short,9,5,43,64,0,16,2,0,,8.93,,0,1,0,0,0
3b53243a,XC Bartlett,13,13,261,484,7,82,11,1,69.14,11.13,37.29,2,9,0,0,0
b1ad996b,MP Yadav,10,10,217,367,9,92,12,1,40.78,10.15,24.11,3,14,2,0,0
64d43928,Sohail Tanvir,11,11,247,266,22,121,19,1,12.09,6.46,11.23,6,14,5,2,1
e32d22f6,Pankaj Singh,17,17,300,468,11,111,14,1,42.55,9.36,27.27,2,18,0,0,0
662c47a6,Y Nagar,26,8,66,125,4,16,4,4,31.25,11.36,16.5,2,20,0,0,0
94d7f855,C de Grandhomme,25,19,216,319,6,58,16,2,53.17,8.86,36.0,3,4,1,0,0
12314277,Arshad Khan,27,25,376,693,18,137,40,1,38.5,11.06,20.89,3,22,2,0,0
725529bc,SC Ganguly,59,20,276,363,10,75,3,1,36.3,7.89,27.6,2,21,0,0,0
245c97cb,TS Mills,10,10,209,343,11,69,15,0,31.18,9.85,19.0,3,35,1,0,0
f29185a1,Abhishek Sharma,92,36,365,550,11,97,9,1,50.0,9.04,33.18,2,4,0,0,0
0f721006,JO Holder,57,57,1225,1751,70,413,60,4,25.01,8.58,17.5,4,24,11,2,0
8b9704ae,L Ablish,3,3,42,75,3,10,3,0,25.0,10.71,14.0,2,17,0,0,0
99ed60f8,JPR Scantlebury-Searles,4,3,42,89,2,7,3,0,44.5,12.71,21.0,1,24,0,0,0
25228673,Harsh Dubey,11,11,192,326,13,54,9,0,25.08,10.19,14.77,3,12,2,0,0
e38bce7a,MG Bracewell,5,5,66,95,6,26,0,0,15.83,8.64,11.0,2,13,0,0,0
d4d929b0,V Kaverappa,1,1,24,36,2,11,0,0,18.0,9.0,12.0,2,36,0,0,0
e9c7f0d0,Fazalhaq Farooqi,12,12,254,437,6,80,12,0,72.83,10.32,42.33,2,32,0,0,0
469ea22b,KMDN Kulasekara,5,5,102,120,5,45,5,0,24.0,7.06,20.4,2,10,0,0,0
1ac746c8,Atharva Taide,10,1,1,4,0,0,0,0,,24.0,,0,4,0,0,0
d2c2b2d5,SR Tendulkar,78,4,36,58,0,4,1,0,,9.67,,0,7,0,0,0
b52ffbbd,FA Allen,5,4,90,136,2,26,1,0,68.0,9.07,45.0,1,22,0,0,0
cb9b8664,W O'Rourke,3,3,62,132,6,15,3,0,22.0,12.77,10.33,3,27,1,0,0
