player_id,display_name,catches,stumpings,runouts,dismissals_involved
32198ae0,MC Henriques,29,0,1,30
bb345e0b,G Gambhir,28,0,8,36
cc1e8c68,UT Yadav,36,0,4,40
89f64c19,LMP Simmons,10,0,1,11
70d205c9,AT Rayudu,64,2,14,80
0a8fce53,Mustafizur Rahman,5,0,0,5
235c2bb6,H Klaasen,35,7,8,50
af2c687b,C Munro,4,0,0,4
f752db61,JL Pattinson,2,0,0,2
6c19c6e5,YBK Jaiswal,32,0,3,35
aedc3b7c,NS Naik,3,0,1,4
ed5a5510,P Dubey,4,0,0,4
f834dcfc,L Ngidi,1,0,1,2
b52ffbbd,FA Allen,2,0,0,2
c8f5f961,Anuj Rawat,18,0,2,20
ad9c32a2,DJ Malan,1,0,0,1
0f721006,JO Holder,22,0,3,25
d5130a30,B Sai Sudharsan,14,0,2,16
6c882e9a,PBB Rajapaksa,4,0,0,4
8361e524,SSB Magala,1,0,0,1
c0c411cb,Naveen-ul-Haq,6,0,1,7
465aa633,N Burger,5,0,0,5
3204c99f,G Coetzee,3,0,0,3
51ec3919,T Vijay,2,0,0,2
1e030637,V Puthur,1,0,0,1
107c26fb,KT Maphaka,2,0,0,2
82c10dac,Abhinandan Singh,2,0,0,2
ff154ecd,JM Cox,1,0,0,1
bd77eb62,A Symonds,20,0,1,21
ff077124,Kamran Akmal,5,4,2,11
0184dc35,R Dravid,18,0,8,26
3d7e087f,SK Trivedi,12,0,4,16
39f01cdb,KP Pietersen,12,0,2,14
c69a7b5c,AS Raut,10,0,1,11
260fd380,AM Salvi,2,0,0,2
7c503806,J Botha,16,0,3,19
a3ecf01f,RS Sodhi,2,0,0,2
7daedf2f,KB Arun Karthik,12,2,4,18
e0407c01,IC Pandey,6,0,0,6
b681e71e,GJ Maxwell,52,0,7,59
26e5cabf,MK Tiwary,47,0,3,50
b8a55852,BB McCullum,38,6,14,58
9d430b40,SP Narine,29,0,6,35
99b75528,JC Buttler,88,4,8,100
94d7f855,C de Grandhomme,6,0,1,7
8abdf100,CJ Anderson,11,0,0,11
f18ba07f,Ankit Soni,1,0,0,1
2be41edb,MJ Guptill,7,0,0,7
45eda7c8,CA Lynn,12,0,0,12
48a1d7b7,SO Hetmyer,50,0,5,55
1399b39c,Anmolpreet Singh,2,0,0,2
45a43fe2,RD Gaikwad,44,0,3,47
9a46c4e5,GD Phillips,11,0,0,11
6a26221c,AK Markram,39,0,0,39
b0482a1d,Tilak Varma,44,0,4,48
0a67aec0,Akash Deep,2,0,0,2
11614d87,D Pretorius,3,0,1,4
c5aef772,R Shepherd,7,0,1,8
64775749,RP Meredith,2,0,0,2
529eb9e0,OC McCoy,1,0,0,1
54e52590,Vijaykumar Vyshak,6,0,2,8
f6d8a7ab,K Kartikeya,1,0,0,1
57ca01b3,Kumar Kushagra,2,0,0,2
a3b0600d,Aniket Verma,11,0,1,12
3cea23da,N Sindhu,3,0,0,3
fa463154,AB Agarkar,4,0,3,7
94bc776b,D Kalyankrishna,1,0,0,1
0dc00542,Shahid Afridi,4,0,0,4
756389bd,S Vidyut,1,0,0,1
4d5a1617,R Bishnoi,1,0,0,1
05c2ca46,RE van der Merwe,6,0,2,8
c8179c68,SB Jakati,19,0,4,23
23ac69e6,RJ Quiney,1,0,0,1
a84468fe,DJ Jacobs,3,2,2,7
f5f18a18,S Randiv,2,0,1,3
ce4cc4d5,R Ninan,1,0,0,1
0f12f9df,NLTC Perera,13,0,6,19
2af1b6d2,AN Ahmed,2,0,3,5
9b4935c8,CJ Ferguson,2,0,0,2
27af6414,BJ Rohrer,3,0,2,5
27e71d47,K Upadhyay,1,0,0,1
c16d4035,SW Billings,19,1,1,21
26a85969,R Dhawan,13,0,3,16
d1c36f5c,JJ Roy,10,0,0,10
f62772e5,P Negi,16,0,5,21
e342e5fb,CR Brathwaite,6,0,1,7
c18496e1,Bipul Sharma,7,0,3,10
f846de6a,MN Samuels,2,0,0,2
d8b2f218,BB Sran,4,0,2,6
69be866a,Anureet Singh,5,0,1,6
62af8546,Mohammad Nabi,18,0,2,20
c995d726,CA Ingram,1,0,0,1
b4f5c2d9,KL Nagarkoti,9,0,0,9
69d03465,AT Carey,2,0,0,2
14f96089,A Zampa,1,0,0,1
2cdce1be,C Sakariya,6,0,0,6
81c36ee9,M Jansen,26,0,0,26
dfc4d8b5,KW Richardson,5,0,1,6
afa7e784,MS Wade,8,1,1,10
844e79d1,D Brevis,22,0,1,23
ad3b6e95,Abishek Porel,9,0,3,12
3a60e0b5,WD Parnell,10,0,1,11
1ac746c8,Atharva Taide,5,0,0,5
b483905d,Akash Singh,2,0,0,2
77b1aa15,Harshit Rana,11,0,0,11
ba5e1069,R Ravindra,10,0,1,11
3fb19989,MA Starc,30,0,4,34
c2dd89ea,BR Sharath,1,0,0,1
9caf69a1,WG Jacks,11,0,1,12
50c09020,Ashok Sharma,2,0,0,2
ebcfef83,Himmat Singh,2,0,0,2
59559bc2,J Overton,1,0,0,1
ece7b6b3,PP Hinge,2,0,0,2
d8d67045,Akshat Raghuwanshi,1,0,0,1
abfeb126,M Kartik,18,0,3,21
af7dadf7,B Akhil,3,0,1,4
b9be6507,AS Yadav,1,0,1,2
e249fdaa,A Chopra,2,0,1,3
7eae4418,Misbah-ul-Haq,1,0,0,1
a76d10ba,TM Srivastava,2,0,2,4
fe763256,Y Venugopal Rao,13,0,3,16
6afb26d6,MD Mishra,1,0,0,1
30e37810,Sunny Singh,1,0,0,1
d2340a43,Anand Rajan,3,0,2,5
0c94f480,UBT Chand,9,0,0,9
2461eef2,PA Reddy,2,0,1,3
f3171936,BW Hilfenhaus,1,0,1,2
b2b23612,RG More,1,0,0,1
13c35c9e,TG Southee,21,0,2,23
0994d0ae,V Shankar,35,0,4,39
a757b0d8,KA Pollard,97,0,13,110
b5da6c24,PA Patel,69,16,26,111
2e81a32d,B Kumar,33,0,9,42
4c5d73db,CR Woakes,6,0,0,6
808f425a,JP Faulkner,16,0,8,24
e62dd25d,K Rabada,31,0,3,34
b17e2f24,KL Rahul,83,8,10,101
f088b960,SN Khan,16,0,3,19
8b3e9c7c,PP Shaw,18,0,0,18
a9fd84fb,M Markande,8,0,0,8
bb351c23,MM Ali,22,0,2,24
b4296080,Milind Kumar,1,0,0,1
e4a0deae,MJ Santner,14,0,3,17
9385de2e,SS Prabhudessai,10,0,3,13
26989d80,Shashank Singh,18,0,1,19
663b5e34,PN Mankad,6,0,0,6
c33d8116,Mohsin Khan,4,0,0,4
d1a60072,N Wadhera,14,0,1,15
f24c6701,M Theekshana,4,0,2,6
8dc152d1,D Jansen,2,0,0,2
3d284ca3,PD Salt,32,0,6,38
266849c1,R Goyal,1,0,0,1
5724e517,Tanush Kotian,0,0,1,1
08548b13,PHKD Mendis,1,0,0,1
d0513f63,CL White,22,0,4,26
6b71e6cf,KC Sangakkara,45,9,11,65
dd09ff8e,B Lee,8,0,6,14
8ba8195d,V Sehwag,34,0,8,42
619aa81f,W Jaffer,4,0,1,5
48fd7349,MEK Hussey,26,0,1,27
034b4b7d,VRV Singh,3,0,0,3
ddc0828d,A Flintoff,3,0,0,3
5f26df4f,VS Malik,2,0,0,2
5afd4539,MS Bisla,20,7,10,37
c15e2193,FY Fazal,7,0,2,9
85aae393,Iqbal Abdulla,12,0,5,17
3a02626a,AG Paunikar,1,0,1,2
8291f939,AL Menaria,4,0,0,4
dded65e7,IR Jaggi,2,0,0,2
557153ca,KK Cooper,11,0,4,15
5b040b81,A Singh,1,0,0,1
7d3720ba,RR Bhatkal,1,0,0,1
f708a0bc,GB Hogg,4,0,1,5
24d94623,Ankit Sharma,4,0,0,4
4c4fa80b,SMSM Senanayake,2,0,0,2
5b627626,B Aparajith,1,0,0,1
2e11c706,BCJ Cutting,10,0,2,12
1c914163,Yuvraj Singh,29,0,10,39
a4cc73aa,SV Samson,90,19,26,135
6834d1f2,B Stanlake,1,0,0,1
1c17e270,RV Uthappa,92,32,45,169
759ac88f,MM Sharma,25,0,6,31
896d78ad,AD Mathews,19,0,3,22
650d5e49,R Powell,26,0,0,26
a818c1be,TA Boult,33,0,3,36
3241e3fd,N Pooran,45,4,6,55
df064e1a,Ravi Bishnoi,27,0,4,31
19b9f399,CJ Green,1,0,0,1
23cca426,OF Smith,2,0,1,3
0890552f,A Manohar,17,0,2,19
872b03f7,A Badoni,18,0,2,20
9eb1455b,NT Ellis,2,0,0,2
c7a995d3,R Sai Kishore,8,0,0,8
0bacade8,Rahmanullah Gurbaz,17,0,1,18
4b31f3a3,Yash Thakur,2,0,1,3
d7017798,A Raghuvanshi,11,1,1,13
03a83c50,V Viyaskanth,2,0,0,2
e96801ea,MS Bhandage,2,0,0,2
989889ff,JP Inglis,10,1,0,11
926c7443,SU Parakh,1,0,0,1
c42aaf71,M Manhas,20,0,2,22
9ab63e7b,Mohammad Hafeez,1,0,1,2
0264c10e,D Salunkhe,2,0,0,2
c3d1402f,RP Singh,27,0,8,35
bb18be76,SK Warne,11,0,3,14
d2c2b2d5,SR Tendulkar,23,0,3,26
3dba85c2,WA Mota,5,0,1,6
b2b50355,L Balaji,9,0,4,13
d872f52a,LA Carseldine,4,0,0,4
5bb5a915,M Morkel,11,0,4,15
bcce309e,WPUJC Vaas,0,0,1,1
d92e42f5,KP Appanna,3,0,3,6
b552a935,AC Thomas,3,0,1,4
2e9fdf9b,DAJ Bracewell,1,0,1,2
18c78b11,RE Levi,2,0,0,2
de4b0555,R Shukla,3,0,3,6
53f27a35,BB Samantray,3,0,1,4
9170ff49,Parvez Rasool,3,0,0,3
6aed7e79,PV Tambe,1,0,0,1
66b30f71,AB Dinda,7,0,5,12
fb2d1dda,N Rana,29,0,2,31
e087956b,BA Stokes,23,0,2,25
c4487b84,AB de Villiers,120,8,20,148
fe93fd9d,RA Jadeja,104,0,25,129
ded9240e,PJ Cummins,22,0,2,24
4125d931,J Suchith,17,0,3,20
39a2dfa8,R Tewatia,47,0,2,49
5574750c,JC Archer,16,0,2,18
abb83e27,JM Bairstow,29,4,3,36
ac5ae4af,I Udana,3,0,0,3
2e78f685,KR Sen,3,0,0,3
64839cb3,M Pathirana,9,0,0,9
a90e53ec,MW Short,7,0,0,7
f1809c03,Tanay Thyagarajan,1,0,1,2
8db7f47f,RJW Topley,2,0,0,2
84d9c311,Ashutosh Sharma,6,0,0,6
b0f2baf4,Sanvir Singh,3,0,0,3
ee7d0c82,GD McGrath,2,0,0,2
de8cce37,VVS Laxman,4,0,1,5
0aadc906,PR Shah,10,3,3,16
1be70c88,LPC Silva,3,0,1,4
b720a5d6,DB Ravi Teja,11,0,2,13
b57f8a9a,BJ Hodge,22,0,5,27
e32d22f6,Pankaj Singh,2,0,0,2
b2ae53f5,T Thushara,3,0,1,4
c404f58a,DP Nannes,8,0,2,10
5d9a1a73,R Sharma,10,0,1,11
4ec07775,RN ten Doeschate,7,0,3,10
99b202b3,A Chandila,2,0,0,2
331ea488,UT Khawaja,1,0,0,1
0a476045,S Dhawan,100,0,2,102
51a3c5ef,MJ McClenaghan,1,0,1,2
2ed569a0,RD Chahar,21,0,0,21
5b8c830e,KH Pandya,49,0,2,51
77255a9e,RA Tripathi,34,0,1,35
57ee1fde,YS Chahal,31,0,5,36
acc1aeda,SP Jackson,7,2,2,11
b8527c3d,Rasikh Salam,5,0,0,5
8ac93ca2,P Chopra,1,0,0,1
ade90de7,S Midhun,1,0,0,1
81049310,J Yadav,7,0,0,7
2c25d4f5,D Padikkal,42,0,3,45
bb965e9a,PK Garg,11,0,0,11
9219eff0,JDS Neesham,2,0,0,2
f986ca1a,HV Patel,26,0,9,35
800d2d97,JM Sharma,59,7,9,75
7c3b3b78,VG Arora,11,0,3,14
df5a6881,DP Conway,10,0,1,11
e9c7f0d0,Fazalhaq Farooqi,1,0,0,1
9061a703,J Little,5,0,0,5
3ff033bb,MD Shanaka,4,0,0,4
83c3e8e3,SH Johnson,3,0,0,3
b5797845,Priyansh Arya,10,0,0,10
5ffc0565,V Nigam,3,0,2,5
970ddd24,Suryansh Shedge,4,0,0,4
3b53243a,XC Bartlett,15,0,0,15
f12fe2a1,T Dahiya,1,0,0,1
7d415ea5,RT Ponting,4,0,0,4
2b6e6dec,AC Gilchrist,51,16,20,87
f0f628c7,MM Patel,12,0,2,14
20a941bb,M Ntini,1,0,2,3
6ef60d3a,Kamran Khan,4,0,2,6
aaa1b522,TL Suman,10,0,5,15
dec8e038,J Theron,1,0,3,4
addfb70e,SW Tait,5,0,1,6
78eb4223,KAJ Roach,1,0,0,1
dbc50253,AP Dole,2,0,0,2
2eeb4370,C Madan,0,0,1,1
5673a3fc,NL McCullum,1,0,1,2
b2570b38,RV Gomez,3,0,1,4
dddca1d6,SB Wagh,1,0,1,2
1efb8a28,AC Blizzard,4,0,0,4
62e07f92,KH Devdhar,0,1,0,1
39f82db3,DJ Harris,5,0,0,5
26ff4c29,RJ Peterson,1,0,0,1
90edaaa9,S Rana,3,0,0,3
272d796e,BR Dunk,4,0,0,4
740742ef,RG Sharma,101,0,11,112
5f547c8b,Rashid Khan,51,0,6,57
99d63244,KM Jadhav,31,7,7,45
245c97cb,TS Mills,1,0,0,1
2f9d0389,LH Ferguson,9,0,4,13
b2a79f17,B Laughlin,1,0,0,1
c38d3503,Shivam Mavi,17,0,1,18
04a418e8,R Parag,49,0,3,52
c6097d68,O Thomas,1,0,0,1
5b7ab5a9,CV Varun,15,0,4,19
327b58d3,PVD Chameera,3,0,1,4
73c18486,KR Mayers,2,0,0,2
0b60eb09,KA Maharaj,1,0,0,1
ee1b6c27,N Thushara,1,0,1,2
fcc21ace,A Kamboj,6,0,1,7
e1d9ae9c,Shivam Singh,2,0,0,2
d45c29b1,Ashwani Kumar,2,0,0,2
e84ac20c,MJ Henry,1,0,0,1
4d7f517e,AJ Hosein,2,0,0,2
44aac2f0,Arjun Tendulkar,1,0,0,1
6ad3a659,P Amarnath,2,0,0,2
725529bc,SC Ganguly,22,0,1,23
57efa3be,SB Styris,2,0,2,4
2498e163,JR Hopes,5,0,0,5
4e04666c,YV Takawale,13,4,5,22
c3d35165,JA Morkel,17,0,6,23
ae78bc32,MS Gony,4,0,2,6
297b26da,Yashpal Singh,3,0,0,3
7ca5e05d,RS Bopara,4,0,0,4
3fca55af,S Sohal,2,0,0,2
e186f49c,Mashrafe Mortaza,0,0,1,1
5056011d,GJ Bailey,12,0,6,18
95a2ea61,S Anirudha,11,0,2,13
ef5da05c,AG Murtaza,3,0,1,4
c3a96caf,Mandeep Singh,38,0,2,40
ffe699c0,CJ Jordan,14,0,2,16
3c6ffae8,YK Pathan,41,0,10,51
d9273ee7,MP Stoinis,26,0,4,30
dbe50b21,HH Pandya,68,0,7,75
c03f1114,KD Karthik,145,37,46,228
dcf81436,S Kaul,8,0,0,8
56ab442f,NM Coulter-Nile,10,0,2,12
8d2c70ad,Kuldeep Yadav,14,0,3,17
f19ccfad,Washington Sundar,20,0,1,21
5fa06777,IK Pathan,28,0,8,36
508a1ea7,SE Marsh,26,0,3,29
0494fa6e,Vishnu Vinod,1,2,0,3
0a509d6b,RK Singh,51,0,3,54
7dc35884,Shakib Al Hasan,13,0,7,20
e86754b2,TK Curran,2,0,0,2
541f85c9,SP Goswami,18,7,8,33
caf69bf7,DR Sams,11,0,0,11
1ee08e9a,JA Richardson,1,0,0,1
68c56d09,KA Jamieson,2,0,0,2
4663bd23,TL Seifert,3,1,1,5
b0946605,AS Joseph,3,0,2,5
ff1e68fa,B Indrajith,1,0,1,2
fffa744b,Naman Dhir,24,0,1,25
9ca68676,AM Ghazanfar,1,0,0,1
e938e1bc,P Kumar,13,0,7,20
0c2730df,A Kumble,9,0,0,9
b61a3e1a,LRPL Taylor,18,0,1,19
40caa465,T Kohli,5,0,0,5
342d8ade,CRD Fernando,2,0,1,3
75de770f,T Taibu,1,0,0,1
91ffa6c6,JD Ryder,10,0,0,10
2a72fd4f,Harmeet Singh,3,0,3,6
7bb62642,Anirudh Singh,3,0,0,3
fb693839,S Ladda,1,0,2,3
bae11797,Y Gnaneswara Rao,2,0,0,2
b56dc5f7,BE Hendricks,3,0,0,3
dc9dd038,Sachin Baby,5,0,3,8
dcce6f09,DA Warner,88,0,9,97
00ea847a,MA Agarwal,59,0,2,61
919a3be2,RR Pant,90,24,7,121
fe11caa6,WP Saha,93,26,20,139
35205dfc,DR Smith,41,0,3,44
2a2e6343,DT Christian,28,0,4,32
db31895a,AS Rajpoot,3,0,1,4
8d92a2c3,MA Wood,3,0,0,3
372455c4,Q de Kock,75,17,12,104
495d42a5,R Ashwin,44,0,9,53
855a210c,AP Tare,3,6,0,9
23eeb873,DL Chahar,14,0,1,15
a4e37e47,S Dube,27,0,0,27
e2db2409,M Ashwin,7,0,0,7
46a9bea1,TU Deshpande,10,0,1,11
ad427b5c,Lalit Yadav,18,0,2,20
44a89551,KS Bharat,5,1,0,6
9fc0ef64,PJ Sangwan,8,0,3,11
3d8feaf8,MR Marsh,15,0,1,16
bcf325d2,Dhruv Jurel,37,1,5,43
80b2fb19,Prince Yadav,5,0,2,7
13fc5c6d,DS Rathi,7,0,0,7
c96f6ac5,PWA Mulder,1,0,0,1
fa2f1dde,K Khejroliya,1,0,0,1
cb9b8664,W O'Rourke,1,0,0,1
d7423da1,S Arora,3,0,0,3
548516a6,Ravi Singh,0,0,1,1
7c3c0337,Auqib Nabi,1,0,0,1
e1b9f3a9,BJ Dwarshuis,1,0,0,1
6b8eb6e5,S Sreesanth,3,0,0,3
ab89348d,MF Maharoof,4,0,2,6
ea0cdc12,BAW Mendis,1,0,0,1
710dd98c,MN van Wyk,7,0,0,7
3edb58fc,AD Mascarenhas,2,0,0,2
12eddf28,RJ Harris,18,0,0,18
c24a2c5d,S Tyagi,3,0,0,3
626c5379,R Sathish,8,0,7,15
9a158001,Azhar Mahmood,7,0,1,8
890946a0,NV Ojha,65,10,25,100
b8d490fd,AJ Finch,28,0,3,31
752f7486,Ishan Kishan,67,6,15,88
d2a6c0e6,EJG Morgan,36,0,6,42
8b5b6769,Harbhajan Singh,38,0,10,48
2f49c897,Mohammed Siraj,37,0,2,39
98ae73b1,PP Chawla,36,0,10,46
90de905a,K Gowtham,21,0,0,21
2e8994e7,JP Duminy,30,0,3,33
eef2536f,Avesh Khan,13,0,2,15
99ed60f8,JPR Scantlebury-Searles,4,0,0,4
f29185a1,Abhishek Sharma,35,0,1,36
3355b542,F du Plessis,86,0,5,91
faa7365d,DR Shorey,6,0,0,6
21d4e29b,Navdeep Saini,8,0,0,8
7a8bd078,S Gopal,5,0,0,5
cdc6bdba,S Sandeep Warrier,1,0,0,1
acdc62f5,A Nortje,10,0,1,11
26d76ad9,Virat Singh,2,0,0,2
aa8d28ae,D Wiese,8,0,0,8
6ab96cc2,Sonu Yadav,0,0,1,1
e38bce7a,MG Bracewell,1,0,0,1
9b6e1b3f,J Fraser-McGurk,8,0,1,9
f836b33d,T Kohler-Cadmore,1,0,0,1
c1e53c3f,R Smaran,4,0,0,4
470f446b,V Suryavanshi,2,0,0,2
9f961c14,Joginder Sharma,5,0,2,7
50758325,B Geeves,3,0,0,3
a45a5e8d,AM Nayar,13,0,2,15
3eac9d95,JDP Oram,7,0,2,9
72861603,GC Smith,7,0,0,7
64c34cd0,Shoaib Malik,6,0,1,7
d8699ab7,ML Hayden,11,0,3,14
d7c6af50,DL Vettori,11,0,4,15
5f5d3ad4,SS Shaikh,2,0,0,2
2bb09eb2,Mohammad Ashraful,2,0,0,2
662c47a6,Y Nagar,7,0,4,11
45c2196c,DE Bollinger,6,0,1,7
3ae3f034,AUK Pathan,2,0,1,3
f842c2cf,MJ Clarke,1,0,0,1
4a8a2e3b,MS Dhoni,158,47,53,258
bd17b45f,STR Binny,19,0,5,24
944533a5,KK Nair,29,0,8,37
d67d5f00,DA Miller,92,0,8,100
73ad96ed,DJ Hooda,59,0,4,63
bbd41817,AD Russell,36,0,4,40
87e562a9,DJ Bravo,69,0,14,83
d2a989fc,DS Kulkarni,18,0,2,20
f10e94c4,AD Nath,2,0,0,2
e94915e6,SM Curran,24,0,1,25
4b57e452,M Vijay,47,0,1,48
da934ee8,MK Lomror,12,0,0,12
e4cdf230,AS Roy,16,0,2,18
be869ccf,GHS Garton,1,0,0,1
f1f99156,TH David,32,0,4,36
765a4731,Mukesh Choudhary,5,0,1,6
0c9652b0,HR Shokeen,5,0,1,6
7210d461,Yash Dayal,8,0,2,10
798cc28e,KM Asif,1,0,0,1
12314277,Arshad Khan,8,0,0,8
4bd09374,Akash Madhwal,1,0,1,2
a1d95bd8,LB Williams,1,0,0,1
b1ad996b,MP Yadav,3,0,0,3
9f77963a,Gulbadin Naib,1,0,0,1
e66732f8,RD Rickelton,20,5,4,29
cf0ccafa,M Siddharth,3,0,0,3
172dff15,C Bosch,6,0,1,7
5750bcb4,E Malinga,5,0,4,9
dee07622,RS Ghosh,1,0,0,1
bf74b130,FH Allen,1,0,0,1
f3cb53a1,MV Boucher,14,3,7,24
88fccd6c,SM Pollock,2,0,1,3
7d3937ed,DJ Thornely,2,0,0,2
4d6d6280,Salman Butt,2,0,0,2
a2870fb7,NK Patel,6,0,0,6
5f4e9e8f,RR Raje,3,0,1,4
6165bca6,A Mukund,3,0,1,4
7023d182,AN Ghosh,1,0,0,1
fdedb37c,SM Katich,2,0,2,4
864c199e,AC Voges,1,0,3,4
cf73ad76,JEC Franklin,6,0,0,6
c64c2443,J Syed Mohammad,1,0,2,3
c03c6200,DJG Sammy,9,0,4,13
91b9300b,UA Birla,1,0,0,1
44afbf2d,NJ Maddinson,1,0,0,1
6f49cc6e,Shivam Sharma,1,0,0,1
531f0278,K Santokie,1,0,0,1
33a364a6,R Bhatia,23,0,8,31
2e171977,AR Patel,79,0,5,84
7c7d63a2,AJ Tye,7,0,0,7
7d92277a,Mujeeb Ur Rahman,2,0,0,2
9a963804,LE Plunkett,2,0,0,2
92aeac25,AD Hales,2,0,0,2
b4b99816,Shubman Gill,57,0,2,59
7f048519,DJ Willey,4,0,0,4
85e0cf10,M Prasidh Krishna,18,0,2,20
b410bd3d,S Lamichhane,1,0,0,1
5bb1a1c4,I Sharma,20,0,3,23
7dcb9bc9,M Shahrukh Khan,28,0,1,29
60500956,RV Patel,3,0,0,3
a24be938,VR Iyer,23,0,3,26
81c08fa3,Umran Malik,4,0,2,6
a97c8ec2,PWH de Silva,3,0,3,6
bd54eef5,N Jagadeesan,1,0,0,1
cbf58a86,SK Rasheed,2,0,0,2
0edcb652,Subhransu Senapati,0,0,1,1
85b3fab2,T Stubbs,24,1,1,26
25228673,Harsh Dubey,3,0,0,3
fe366f34,C Connolly,4,0,1,5
cc61ee8f,Gurjapneet Singh,5,0,0,5
280fff14,Sakib Hussain,1,0,0,1
de7d833e,D Madushanka,2,0,0,2
b1451597,LR Shukla,15,0,6,21
fd835ab3,DJ Hussey,25,0,5,30
93a17209,VY Mahesh,6,0,0,6
d84378a4,M Kaif,16,0,1,17
7050a1e7,DB Das,7,0,2,9
f48cf4da,DT Patil,2,0,0,2
eea6b7f1,SP Fleming,2,0,0,2
5bdcdb72,TM Dilshan,21,0,3,24
facb9086,SD Chitnis,2,0,0,2
d4f9dbd4,CA Pujara,6,0,0,6
bff458c6,AA Bilakhia,1,0,0,1
25eeb281,PC Valthaty,3,0,0,3
063b3673,DH Yagnik,12,5,6,23
66cf56a5,A Mithun,7,0,1,8
29d72eb2,AA Chavan,3,0,0,3
94253925,GH Vihari,6,0,2,8
cedc1d9a,P Suyal,1,0,0,1
6b19d823,A Mishra,19,0,10,29
ce820073,Sandeep Sharma,19,0,5,24
871e9faf,Basil Thampi,4,0,1,5
1e66c162,JD Unadkat,22,0,7,29
30a45b23,SPD Smith,54,0,10,64
1abb78f8,SN Thakur,33,0,4,37
6eb146d2,Gurkeerat Singh,19,1,1,21
8cf9814c,Mohammed Shami,22,0,10,32
f5180fe6,MG Johnson,15,0,4,19
41eb4a4f,R Vinay Kumar,32,0,13,45
75224f22,KMA Paul,6,0,0,6
d014d5ac,SE Rutherford,7,0,0,7
9418198b,P Simran Singh,13,2,1,16
a2f46292,KK Ahmed,5,0,2,7
c740ea83,RM Patidar,20,0,0,20
c05edf8e,Harpreet Brar,15,0,0,15
eade4650,DJ Mitchell,11,0,0,11
eaa76d3c,C Green,18,0,3,21
28c78fb3,Harpreet Singh,3,0,0,3
cad00a4d,RR Rossouw,10,0,0,10
a343262c,JE Root,2,0,0,2
a457cfb5,Mayank Dagar,3,0,0,3
3c55c703,JG Bethell,5,0,0,5
fb5f69e4,M Tiwari,3,0,0,3
f2c936d7,MJ Owen,2,0,0,2
dadbdb68,JA Duffy,1,0,0,1
7b679de5,Kartik Sharma,1,0,0,1
0604ef16,SB Bangar,2,0,2,4
36d33dd0,RR Sarwan,1,0,0,1
64d43928,Sohail Tanvir,4,0,3,7
8fd1a8f5,DW Steyn,22,0,4,26
622cc511,U Kaul,2,0,3,5
e1d1b294,HH Gibbs,22,0,5,27
33cb3411,Younis Khan,1,0,0,1
63bff7f9,SM Harwood,2,0,0,2
2728e7e9,P Dogra,5,0,1,6
6581d753,JM Kemp,1,0,0,1
2049f3a0,SJ Srivastava,2,0,0,2
a386e91b,PD Collingwood,3,0,0,3
f4f0fafd,B Sumanth,4,0,0,4
cca50cd6,LJ Wright,2,0,2,4
1647bd37,Karanveer Singh,2,0,0,2
271f83cd,SA Yadav,77,0,2,79
c03e2850,M Vohra,13,0,1,14
9d80c5e1,S Nadeem,11,0,4,15
93b4fc78,MK Pandey,89,0,13,102
957532de,S Aravind,5,0,1,6
29e95537,AM Rahane,85,0,9,94
85ec8e33,SS Iyer,64,0,9,73
76388dc8,S Badree,2,0,0,2
0ebfb1ad,E Lewis,9,0,0,9
acee4cc4,Imran Tahir,8,0,0,8
0a3d54b9,VR Aaron,3,0,2,5
50c6bc2b,LS Livingstone,25,0,0,25
8e514b4c,Abdul Samad,33,0,0,33
f9e6e7ef,Shahbaz Ahmed,20,0,2,22
244048f6,Arshdeep Singh,16,0,4,20
5d2eea49,Kartik Tyagi,6,0,1,7
03806cf8,JR Hazlewood,8,0,0,8
378daa89,Aman Hakim Khan,9,0,0,9
dd7e9b3b,YV Dhull,2,0,1,3
4ae1755b,HC Brook,3,0,0,3
f0af99a7,D Ferreira,16,0,0,16
8998a68f,Sumit Kumar,1,0,2,3
6b2ff18f,SB Dubey,1,0,1,2
c27b5a0e,PVSN Raju,1,0,0,1
36619795,Zeeshan Ansari,3,0,1,4
cf59b3f0,Urvil Patel,8,0,0,8
5d1e7582,BKG Mendis,1,0,0,1
133bbd61,Brijesh Sharma,1,0,0,1
1c84109e,MD Choudhary,3,0,0,3
025c4400,MJ Suthar,2,0,0,2
86dc8f2e,JH Kallis,30,0,6,36
de8d3876,M Rawat,16,2,9,27
4ba44e19,M Muralitharan,14,0,3,17
d18f9182,DPMD Jayawardene,32,0,8,40
f233bbb4,ST Jayasuriya,4,0,5,9
a1f1829d,K Goel,9,0,1,10
16dfcc19,Umar Gul,0,0,1,1
ae091d39,SA Asnodkar,6,0,1,7
b63ab531,LA Pomersbach,8,0,0,8
5d096f3d,RR Powar,5,0,0,5
8a668774,Shoaib Ahmed,4,0,0,4
11df3dc8,MJ Lumb,5,0,0,5
c654af19,R McLaren,5,0,1,6
469ea22b,KMDN Kulasekara,3,0,1,4
addbde6c,N Saini,11,2,2,15
1c2a64cd,A Ashish Reddy,8,0,2,10
d68e7f48,R Rampaul,4,0,0,4
5708d0b6,AV Wankhade,1,0,0,1
b274dbbd,ER Dwivedi,2,0,0,2
fb66ce1f,CH Morris,36,0,4,40
462411b3,JJ Bumrah,15,0,4,19
db584dad,CH Gayle,29,0,0,29
1dc12ab9,SK Raina,106,0,13,119
91a4a398,Z Khan,20,0,6,26
ba607b88,V Kohli,126,0,20,146
4329fbb5,SR Watson,38,0,9,47
350bb1b1,AF Milne,7,0,0,7
96fd40ae,A Nehra,17,0,2,19
d027ba9f,KS Williamson,40,0,1,41
12b610c2,TM Head,6,0,0,6
119678fd,KV Sharma,18,0,2,20
a12e1d51,SL Malinga,15,0,6,21
1a156c88,DJM Short,2,0,0,2
709b0bac,SS Tiwary,25,0,5,30
ce794613,T Natarajan,10,0,4,14
be24ead0,Ramandeep Singh,21,0,2,23
9948e262,HE van der Dussen,0,0,1,1
30df8c66,Simarjeet Singh,3,0,1,4
26d041c4,Sikandar Raza,5,0,0,5
4933f499,JP Behrendorff,2,0,0,2
2cffab74,Mukesh Kumar,7,0,4,11
9440ef41,Suyash Sharma,2,0,1,3
efc04be7,Noor Ahmad,12,0,1,13
aad0c365,Nithish Kumar Reddy,22,0,2,24
f89d3b11,Sameer Rizvi,9,0,1,10
cd8d2859,DG Nalkande,2,0,0,2
1fc6ef83,SD Hope,6,0,1,7
983f2f61,Swapnil Singh,2,0,1,3
ba6b2f91,RA Bawa,6,0,1,7
b2b4f545,A Mhatre,4,0,0,4
7b44eb3e,Shivang Kumar,0,0,2,2
8ee36b18,P Nissanka,2,0,0,2
e48a4814,Krish Bhagat,1,0,0,1
0fa5042b,L Ronchi,4,0,2,6
3576e47e,S Badrinath,16,0,5,21
6c6591ab,PP Ojha,14,0,3,17
5451a2c1,B Chipli,4,0,0,4
cfad138c,CK Kapugedera,4,0,0,4
2815fe50,AA Jhunjhunwala,10,0,4,14
287686fd,S Narwal,1,0,1,2
7bf96684,OA Shah,7,0,1,8
1a0c3177,P Awana,4,0,1,5
c9cac448,T Mishra,1,0,0,1
9868bc75,BMAJ Mendis,2,0,1,3
30a2649b,CM Gautam,3,4,2,9
edb3d4f8,KC Cariappa,2,0,0,2
dce2019b,F Behardien,1,0,0,1
