display_name,figures,balls,season,date
AS Joseph,6/12,22,2019,2019-04-06
Sohail Tanvir,6/14,24,2007/08,2008-05-04
A Zampa,6/19,24,2016,2016-05-10
Akash Madhwal,5/5,21,2023,2023-05-24
A Kumble,5/5,19,2009,2009-04-18
MM Sharma,5/10,14,2023,2023-05-26
JJ Bumrah,5/10,24,2022,2022-05-09
I Sharma,5/12,18,2011,2011-04-27
SL Malinga,5/13,22,2011,2011-04-10
AS Rajpoot,5/14,24,2018,2018-04-26
MA Wood,5/14,24,2023,2023-04-01
AD Russell,5/15,12,2021,2021-04-13
JP Faulkner,5/16,24,2013,2013-05-17
RA Jadeja,5/16,24,2012,2012-04-07
AJ Tye,5/17,24,2017,2017-04-14
A Mishra,5/17,24,2007/08,2008-05-15
Harbhajan Singh,5/18,24,2011,2011-04-22
PWH de Silva,5/18,24,2022,2022-05-08
Sandeep Sharma,5/18,24,2024,2024-04-22
B Kumar,5/19,24,2017,2017-04-17
SP Narine,5/19,24,2012,2012-04-15
JP Faulkner,5/20,24,2013,2013-04-27
CV Varun,5/20,24,2020/21,2020-10-24
MM Patel,5/21,24,2011,2011-05-10
JJ Bumrah,5/21,24,2024,2024-04-11
Mohsin Khan,5/23,24,2026,2026-04-26
L Balaji,5/24,24,2007/08,2008-05-10
AD Mascarenhas,5/25,24,2012,2012-04-12
JD Unadkat,5/25,24,2013,2013-05-10
Umran Malik,5/25,24,2022,2022-04-27
HV Patel,5/27,24,2021,2021-04-09
Yash Thakur,5/30,23,2024,2024-04-07
JD Unadkat,5/30,24,2017,2017-05-06
B Kumar,5/30,24,2023,2023-05-15
Arshdeep Singh,5/32,24,2021,2021-09-21
MA Starc,5/35,22,2025,2025-03-30
HH Pandya,5/36,24,2025,2025-04-04
YS Chahal,5/40,24,2022,2022-04-18
AD Russell,4/5,6,2022,2022-04-23
RG Sharma,4/6,12,2009,2009-05-06
DR Smith,4/8,24,2016,2016-05-19
S Badree,4/9,24,2017,2017-04-14
A Mishra,4/9,24,2011,2011-05-21
A Nehra,4/10,24,2015,2015-04-22
L Ngidi,4/10,24,2018,2018-05-20
Mohammad Nabi,4/11,24,2019,2019-03-31
CJ Jordan,4/11,18,2016,2016-05-14
Mohammed Shami,4/11,24,2023,2023-05-02
Shoaib Akhtar,4/11,18,2007/08,2008-05-13
SM Curran,4/11,14,2019,2019-04-01
A Mishra,4/11,18,2016,2016-04-15
RA Jadeja,4/11,24,2015,2015-05-10
RA Jadeja,4/12,24,2014,2014-05-02
JR Hazlewood,4/12,21,2026,2026-04-27
Imran Tahir,4/12,20,2019,2019-05-01
L Balaji,4/13,24,2014,2014-04-22
A Chandila,4/13,24,2012,2012-05-13
DE Bollinger,4/13,24,2009/10,2010-04-22
BJ Hodge,4/13,24,2011,2011-05-15
DL Chahar,4/13,24,2021,2021-04-16
SP Narine,4/13,24,2013,2013-04-03
MM Sharma,4/14,24,2014,2014-04-25
NM Coulter-Nile,4/14,24,2021,2021-10-05
JJ Bumrah,4/14,24,2020/21,2020-11-05
DS Kulkarni,4/14,24,2016,2016-05-24
Kuldeep Yadav,4/14,18,2022,2022-04-28
B Kumar,4/14,24,2014,2014-05-08
S Aravind,4/14,24,2011,2011-05-06
Sohail Tanvir,4/14,24,2007/08,2008-05-26
SP Narine,4/15,19,2012,2012-05-16
MA Starc,4/15,24,2015,2015-05-06
MP Stoinis,4/15,24,2016,2016-05-13
CV Varun,4/15,22,2023,2023-04-06
M Markande,4/15,24,2023,2023-04-09
R Bhatia,4/15,16,2009,2009-05-13
SL Malinga,4/16,22,2012,2012-04-29
Mohsin Khan,4/16,24,2022,2022-05-01
KV Sharma,4/16,24,2017,2017-05-19
AJ Tye,4/16,24,2018,2018-05-16
S Gopal,4/16,24,2018,2018-05-19
A Kumble,4/16,21,2009/10,2010-04-24
A Kumble,4/16,24,2009,2009-05-24
HV Patel,4/17,19,2021,2021-09-26
Mohammed Siraj,4/17,24,2025,2025-04-06
YS Chahal,4/17,24,2023,2023-04-02
JP Duminy,4/17,18,2015,2015-04-18
Z Khan,4/17,12,2013,2013-05-18
Harbhajan Singh,4/17,24,2009,2009-05-21
AJ Hosein,4/17,24,2026,2026-04-23
PP Chawla,4/17,24,2011,2011-05-17
P Negi,4/18,24,2012,2012-05-01
CRD Fernando,4/18,24,2007/08,2008-05-28
Noor Ahmad,4/18,24,2025,2025-03-23
AB Dinda,4/18,24,2012,2012-04-06
L Balaji,4/18,24,2012,2012-04-10
TA Boult,4/18,24,2020/21,2020-10-23
J Overton,4/18,24,2026,2026-04-11
AD Mathews,4/19,24,2009/10,2010-03-14
SP Narine,4/19,24,2015,2015-05-09
KP Appanna,4/19,24,2012,2012-04-23
