display_name,score,balls,fours,sixes,season,date
CH Gayle,175*,66,13,17,2013,2013-04-23
BB McCullum,158*,73,10,13,2007/08,2008-04-18
KL Rahul,152*,67,16,9,2026,2026-04-25
Abhishek Sharma,141,55,14,10,2025,2025-04-12
Q de Kock,140*,70,10,10,2022,2022-05-18
Abhishek Sharma,135*,68,10,10,2026,2026-04-21
AB de Villiers,133*,59,19,4,2015,2015-05-10
KL Rahul,132*,69,14,7,2020/21,2020-09-24
AB de Villiers,129*,52,10,12,2016,2016-05-14
Shubman Gill,129,60,7,10,2023,2023-05-26
CH Gayle,128*,62,7,13,2012,2012-05-17
RR Pant,128*,63,15,7,2018,2018-05-10
M Vijay,127,56,8,11,2009/10,2010-04-03
DA Warner,126,59,10,8,2017,2017-04-30
YBK Jaiswal,124,62,16,8,2023,2023-04-30
MP Stoinis,124*,63,13,6,2024,2024-04-23
JC Buttler,124,64,11,8,2021,2021-05-02
RD Rickelton,123*,55,10,8,2026,2026-04-29
V Sehwag,122,58,12,8,2014,2014-05-30
PC Valthaty,120*,63,19,2,2011,2011-04-13
V Sehwag,119,56,13,6,2011,2011-05-05
SV Samson,119,63,12,7,2021,2021-04-12
RR Pant,118*,61,11,8,2025,2025-05-27
A Symonds,117*,53,11,7,2007/08,2008-04-24
CH Gayle,117,57,7,12,2015,2015-05-06
SR Watson,117*,57,11,8,2018,2018-05-27
MR Marsh,117,64,10,8,2025,2025-05-22
MEK Hussey,116*,54,8,9,2007/08,2008-04-19
JC Buttler,116,65,9,9,2022,2022-04-22
WP Saha,115*,55,10,8,2014,2014-06-01
SV Samson,115*,56,15,4,2026,2026-04-11
SE Marsh,115,69,11,7,2007/08,2008-05-28
ST Jayasuriya,114*,48,9,11,2007/08,2008-05-14
JM Bairstow,114,56,12,7,2019,2019-03-31
MK Pandey,114*,73,10,4,2009,2009-05-21
V Kohli,113,50,12,8,2016,2016-05-18
M Vijay,113,58,15,4,2012,2012-05-25
V Kohli,113*,72,12,4,2024,2024-04-06
RM Patidar,112*,54,12,7,2022,2022-05-25
Q de Kock,112*,60,8,7,2026,2026-04-16
KL Rahul,112*,65,14,4,2025,2025-05-18
MR Marsh,111,56,9,9,2026,2026-05-07
DPMD Jayawardene,110*,59,14,3,2009/10,2010-04-04
AC Gilchrist,109*,47,9,10,2007/08,2008-04-27
DA Warner,109*,54,10,7,2012,2012-05-10
V Kohli,109,55,6,8,2016,2016-05-14
SP Narine,109,56,13,6,2024,2024-04-16
RG Sharma,109*,60,12,5,2012,2012-05-12
JM Bairstow,108*,48,8,9,2024,2024-04-26
Q de Kock,108,51,15,3,2016,2016-04-17
V Kohli,108*,58,8,7,2016,2016-05-07
RD Gaikwad,108*,60,12,3,2024,2024-04-23
B Sai Sudharsan,108*,61,12,4,2025,2025-05-18
CH Gayle,107,49,10,9,2011,2011-05-06
C Connolly,107*,59,7,8,2026,2026-05-06
JC Buttler,107*,60,9,6,2024,2024-04-16
BA Stokes,107*,60,14,3,2020/21,2020-10-25
DA Warner,107*,69,9,5,2009/10,2010-03-29
Ishan Kishan,106*,47,11,6,2025,2025-03-23
MA Agarwal,106,50,10,7,2020/21,2020-09-27
AC Gilchrist,106,55,8,9,2011,2011-05-17
SR Watson,106,57,9,6,2018,2018-04-20
JC Buttler,106*,60,10,6,2022,2022-05-27
S Dhawan,106*,61,12,3,2020/21,2020-10-20
H Klaasen,105*,39,7,9,2025,2025-05-25
AB de Villiers,105*,54,5,6,2009,2009-04-23
V Kohli,105*,60,11,3,2026,2026-05-13
RG Sharma,105*,63,11,5,2024,2024-04-14
AM Rahane,105*,63,11,3,2019,2019-04-22
H Klaasen,104,51,8,6,2023,2023-05-18
VR Iyer,104,51,6,9,2023,2023-04-16
Shubman Gill,104*,52,5,8,2023,2023-05-21
Shubman Gill,104,53,15,3,2026,2026-05-29
Shubman Gill,104,55,9,6,2024,2024-05-10
SR Watson,104*,59,9,5,2015,2015-05-16
HM Amla,104*,60,8,6,2017,2017-04-20
YBK Jaiswal,104*,60,9,7,2024,2024-04-22
HM Amla,104,60,8,5,2017,2017-05-07
CH Gayle,104*,63,1,11,2018,2018-04-19
V Suryavanshi,103,37,5,12,2026,2026-04-25
Priyansh Arya,103,42,7,9,2025,2025-04-08
SA Yadav,103*,49,11,6,2023,2023-05-12
B Sai Sudharsan,103,51,5,8,2024,2024-05-10
AM Rahane,103*,60,12,5,2012,2012-04-15
KL Rahul,103*,60,9,5,2022,2022-04-16
JC Buttler,103,61,10,5,2022,2022-04-18
KL Rahul,103*,62,12,4,2022,2022-04-24
BA Stokes,103*,63,7,6,2017,2017-05-01
KP Pietersen,103*,64,6,9,2012,2012-04-19
P Simran Singh,103,65,10,6,2023,2023-05-13
TM Head,102,41,9,8,2024,2024-04-15
SA Yadav,102*,51,12,6,2024,2024-05-06
CH Gayle,102*,55,10,7,2011,2011-04-22
SV Samson,102*,55,10,4,2019,2019-03-29
SV Samson,102,63,8,5,2017,2017-04-11
DA Miller,101*,38,8,7,2013,2013-05-06
V Suryavanshi,101,38,7,11,2025,2025-04-28
Tilak Varma,101*,45,8,7,2026,2026-04-20
SS Iyer,101*,51,11,5,2026,2026-05-23
D Padikkal,101*,52,11,6,2021,2021-04-22
