team,total_runs,wickets,balls,opponent,season,date
Sunrisers Hyderabad,287,3,120,Royal Challengers Bengaluru,2024,2024-04-15
Sunrisers Hyderabad,286,6,120,Rajasthan Royals,2025,2025-03-23
Sunrisers Hyderabad,278,3,120,Kolkata Knight Riders,2025,2025-05-25
Sunrisers Hyderabad,277,3,120,Mumbai Indians,2024,2024-03-27
Kolkata Knight Riders,272,7,120,Delhi Capitals,2024,2024-04-03
Sunrisers Hyderabad,266,7,120,Delhi Capitals,2024,2024-04-20
Punjab Kings,265,4,113,Delhi Capitals,2026,2026-04-25
Delhi Capitals,264,2,120,Punjab Kings,2026,2026-04-25
Royal Challengers Bengaluru,263,5,120,Pune Warriors,2013,2013-04-23
Punjab Kings,262,2,112,Kolkata Knight Riders,2024,2024-04-26
Royal Challengers Bengaluru,262,7,120,Sunrisers Hyderabad,2024,2024-04-15
Kolkata Knight Riders,261,6,120,Punjab Kings,2024,2024-04-26
Lucknow Super Giants,257,5,120,Punjab Kings,2023,2023-04-28
Delhi Capitals,257,4,120,Mumbai Indians,2024,2024-04-27
Sunrisers Hyderabad,255,4,120,Royal Challengers Bengaluru,2026,2026-05-22
Punjab Kings,254,7,120,Lucknow Super Giants,2026,2026-04-19
Royal Challengers Bengaluru,254,5,120,Gujarat Titans,2026,2026-05-26
Royal Challengers Bengaluru,250,3,120,Chennai Super Kings,2026,2026-04-05
Sunrisers Hyderabad,249,4,112,Mumbai Indians,2026,2026-04-29
Royal Challengers Bengaluru,248,3,120,Gujarat Lions,2016,2016-05-14
Mumbai Indians,247,9,120,Delhi Capitals,2024,2024-04-27
Kolkata Knight Riders,247,2,120,Gujarat Titans,2026,2026-05-16
Sunrisers Hyderabad,247,2,111,Punjab Kings,2025,2025-04-12
Mumbai Indians,246,5,120,Sunrisers Hyderabad,2024,2024-03-27
Chennai Super Kings,246,5,120,Rajasthan Royals,2009/10,2010-04-03
Punjab Kings,245,6,120,Sunrisers Hyderabad,2025,2025-04-12
Kolkata Knight Riders,245,6,120,Punjab Kings,2018,2018-05-12
Rajasthan Royals,243,8,120,Sunrisers Hyderabad,2026,2026-05-27
Punjab Kings,243,5,120,Gujarat Titans,2025,2025-03-25
Mumbai Indians,243,5,120,Sunrisers Hyderabad,2026,2026-04-29
Rajasthan Royals,242,6,120,Sunrisers Hyderabad,2025,2025-03-23
Sunrisers Hyderabad,242,2,120,Delhi Capitals,2026,2026-04-21
Royal Challengers Bengaluru,241,7,120,Punjab Kings,2024,2024-05-09
Chennai Super Kings,240,5,120,Punjab Kings,2007/08,2008-04-19
Royal Challengers Bengaluru,240,4,120,Mumbai Indians,2026,2026-04-12
Lucknow Super Giants,238,3,120,Kolkata Knight Riders,2025,2025-04-08
Punjab Kings,236,5,120,Lucknow Super Giants,2025,2025-05-04
Mumbai Indians,235,9,120,Sunrisers Hyderabad,2021,2021-10-08
Royal Challengers Bengaluru,235,1,120,Mumbai Indians,2015,2015-05-10
Sunrisers Hyderabad,235,4,120,Punjab Kings,2026,2026-05-06
Kolkata Knight Riders,235,6,120,Lucknow Super Giants,2024,2024-05-05
Chennai Super Kings,235,4,120,Kolkata Knight Riders,2023,2023-04-23
Lucknow Super Giants,235,2,120,Gujarat Titans,2025,2025-05-22
Kolkata Knight Riders,234,7,120,Lucknow Super Giants,2025,2025-04-08
Mumbai Indians,234,5,120,Delhi Capitals,2024,2024-04-07
Gujarat Titans,233,3,120,Mumbai Indians,2023,2023-05-26
Gujarat Titans,232,5,120,Punjab Kings,2025,2025-03-25
Punjab Kings,232,2,120,Royal Challengers Bengaluru,2011,2011-05-17
Kolkata Knight Riders,232,2,120,Mumbai Indians,2019,2019-04-28
Sunrisers Hyderabad,231,2,120,Royal Challengers Bengaluru,2019,2019-03-31
Sunrisers Hyderabad,231,6,120,Royal Challengers Bengaluru,2025,2025-05-23
Punjab Kings,231,4,120,Chennai Super Kings,2014,2014-05-07
Delhi Capitals,231,4,120,Punjab Kings,2011,2011-04-23
Gujarat Titans,231,3,120,Chennai Super Kings,2024,2024-05-10
Punjab Kings,230,3,120,Mumbai Indians,2017,2017-05-11
Royal Challengers Bengaluru,230,4,112,Lucknow Super Giants,2025,2025-05-27
Chennai Super Kings,230,5,120,Gujarat Titans,2025,2025-05-25
Mumbai Indians,229,4,112,Lucknow Super Giants,2026,2026-05-04
Gujarat Titans,229,4,120,Chennai Super Kings,2026,2026-05-21
Gujarat Titans,229,4,120,Rajasthan Royals,2026,2026-05-09
Sunrisers Hyderabad,229,5,111,Rajasthan Royals,2026,2026-04-25
Sunrisers Hyderabad,228,4,120,Kolkata Knight Riders,2023,2023-04-14
Rajasthan Royals,228,6,120,Sunrisers Hyderabad,2026,2026-04-25
Mumbai Indians,228,5,120,Gujarat Titans,2025,2025-05-30
Rajasthan Royals,228,4,116,Punjab Kings,2026,2026-04-28
Delhi Capitals,228,4,120,Kolkata Knight Riders,2020/21,2020-10-03
Lucknow Super Giants,228,5,120,Mumbai Indians,2026,2026-05-04
Royal Challengers Bengaluru,227,4,120,Sunrisers Hyderabad,2016,2016-04-12
Lucknow Super Giants,227,3,120,Royal Challengers Bengaluru,2025,2025-05-27
Gujarat Titans,227,2,120,Lucknow Super Giants,2023,2023-05-07
Punjab Kings,226,6,120,Chennai Super Kings,2014,2014-05-30
Rajasthan Royals,226,6,117,Punjab Kings,2020/21,2020-09-27
Chennai Super Kings,226,6,120,Royal Challengers Bengaluru,2023,2023-04-17
Delhi Capitals,226,3,115,Rajasthan Royals,2026,2026-05-01
Sunrisers Hyderabad,226,8,120,Kolkata Knight Riders,2026,2026-04-02
Royal Challengers Bengaluru,226,3,120,Punjab Kings,2015,2015-05-06
Rajasthan Royals,225,6,120,Delhi Capitals,2026,2026-05-01
Rajasthan Royals,225,3,115,Lucknow Super Giants,2026,2026-05-19
Rajasthan Royals,224,8,120,Kolkata Knight Riders,2024,2024-04-16
Delhi Capitals,224,4,120,Gujarat Titans,2024,2024-04-24
Mumbai Indians,224,4,115,Kolkata Knight Riders,2026,2026-03-29
Gujarat Titans,224,6,120,Sunrisers Hyderabad,2025,2025-05-02
Punjab Kings,223,4,113,Sunrisers Hyderabad,2026,2026-04-11
Rajasthan Royals,223,5,120,Chennai Super Kings,2009/10,2010-04-03
Punjab Kings,223,2,120,Rajasthan Royals,2020/21,2020-09-27
Chennai Super Kings,223,3,120,Delhi Capitals,2023,2023-05-20
Chennai Super Kings,223,3,120,Sunrisers Hyderabad,2013,2013-05-08
Mumbai Indians,223,6,120,Punjab Kings,2017,2017-05-11
Kolkata Knight Riders,223,6,120,Rajasthan Royals,2024,2024-04-16
Royal Challengers Bengaluru,222,4,120,Punjab Kings,2026,2026-05-17
Mumbai Indians,222,6,120,Royal Challengers Bengaluru,2026,2026-04-12
Rajasthan Royals,222,2,120,Delhi Capitals,2022,2022-04-22
Kolkata Knight Riders,222,6,120,Royal Challengers Bengaluru,2024,2024-04-21
Kolkata Knight Riders,222,3,120,Royal Challengers Bengaluru,2007/08,2008-04-18
Punjab Kings,222,4,120,Rajasthan Royals,2026,2026-04-28
Chennai Super Kings,222,5,120,Delhi Capitals,2012,2012-05-25
Royal Challengers Bengaluru,221,5,120,Mumbai Indians,2025,2025-04-07
Delhi Capitals,221,8,120,Rajasthan Royals,2024,2024-05-07
Punjab Kings,221,6,120,Rajasthan Royals,2021,2021-04-12
Punjab Kings,221,3,120,Rajasthan Royals,2007/08,2008-05-28
