display_name,matches,innings,runs,average,strike_rate,hundreds,fifties
V Kohli,282,275,9336,40.42,134.8,9,68
RG Sharma,281,275,7329,30.04,132.92,2,49
S Dhawan,222,221,6769,35.26,127.14,2,51
DA Warner,184,184,6565,40.52,139.77,4,62
KL Rahul,160,149,5815,46.52,139.15,6,45
SK Raina,204,200,5528,32.52,136.73,1,39
MS Dhoni,277,241,5439,38.3,137.45,0,24
AM Rahane,212,197,5367,30.15,125.6,2,35
SV Samson,190,185,5181,31.98,141.13,5,27
AB de Villiers,183,170,5162,39.71,151.69,3,40
CH Gayle,141,141,4965,39.72,148.96,6,31
RV Uthappa,205,197,4952,27.51,130.35,0,27
KD Karthik,257,233,4842,26.32,135.36,0,22
F du Plessis,154,147,4773,35.1,135.79,0,39
JC Buttler,138,136,4646,39.71,149.73,7,28
Shubman Gill,134,130,4598,40.33,142.09,5,32
SA Yadav,179,164,4581,33.68,148.59,2,31
AT Rayudu,204,185,4348,28.61,127.54,1,22
SS Iyer,147,144,4229,35.84,136.73,1,32
G Gambhir,154,151,4217,31.24,123.88,0,36
MK Pandey,180,163,4012,29.5,121.83,1,22
SR Watson,145,141,3874,30.99,137.91,4,21
RR Pant,139,136,3865,33.61,146.79,2,20
Ishan Kishan,134,127,3600,30.51,143.54,1,23
RA Jadeja,267,205,3526,29.14,130.64,0,5
Q de Kock,118,118,3441,31.28,134.94,3,24
KA Pollard,189,168,3412,28.67,147.32,0,16
DA Miller,152,143,3288,36.13,139.5,1,14
YK Pathan,174,153,3204,29.13,142.97,1,13
N Rana,127,121,3078,27.73,137.72,0,22
HH Pandya,162,150,2955,27.88,146.29,0,10
WP Saha,169,143,2934,24.25,127.57,1,13
BB McCullum,109,109,2880,27.69,131.75,2,13
PA Patel,139,136,2848,22.6,120.78,0,13
RD Gaikwad,85,84,2839,38.36,135.64,2,22
GJ Maxwell,141,134,2819,23.89,155.15,0,18
MA Agarwal,130,125,2756,22.97,133.53,1,13
Yuvraj Singh,132,126,2750,24.77,129.72,0,13
V Sehwag,104,104,2728,27.56,155.44,2,16
AD Russell,139,114,2651,28.2,174.18,0,12
M Vijay,106,105,2619,26.19,121.87,2,13
YBK Jaiswal,82,82,2593,33.68,152.8,2,18
N Pooran,104,100,2527,31.99,164.09,0,15
B Sai Sudharsan,57,57,2515,48.37,149.17,3,20
SPD Smith,103,93,2485,34.51,128.09,1,11
SE Marsh,71,69,2477,39.95,132.74,1,20
JH Kallis,98,95,2427,28.89,109.23,0,17
DR Smith,91,88,2385,28.39,135.2,0,17
Abhishek Sharma,92,89,2379,29.37,171.27,2,13
SR Tendulkar,78,78,2334,34.84,119.82,1,13
RA Tripathi,100,98,2291,26.33,137.85,0,12
D Padikkal,90,89,2270,26.71,133.14,1,14
MP Stoinis,123,108,2242,28.74,147.5,1,10
R Dravid,89,82,2174,28.23,115.52,0,11
S Dube,92,87,2129,31.31,145.42,0,10
KS Williamson,79,76,2128,36.07,125.62,0,18
H Klaasen,64,60,2104,42.08,166.72,2,13
AJ Finch,92,90,2091,25.19,128.2,0,15
AR Patel,177,134,2089,21.76,133.74,0,4
AC Gilchrist,80,80,2069,27.22,138.39,2,11
JP Duminy,83,75,2029,39.78,124.02,0,14
KH Pandya,158,123,1982,23.32,133.83,0,3
MEK Hussey,59,58,1977,38.76,122.64,1,15
PP Shaw,79,79,1892,23.95,147.47,0,14
R Parag,97,86,1875,25.68,144.23,0,9
P Simran Singh,66,65,1865,29.6,156.85,1,14
Tilak Varma,68,65,1858,35.73,144.7,1,10
MR Marsh,68,62,1855,30.92,148.52,2,12
SP Narine,201,122,1820,17.84,165.3,1,7
DPMD Jayawardene,80,78,1802,28.6,123.26,1,10
KK Nair,86,78,1712,23.45,131.29,0,11
Mandeep Singh,111,97,1706,21.06,122.91,0,6
MK Tiwary,98,83,1695,28.73,116.98,0,7
KC Sangakkara,71,68,1687,25.95,121.19,0,10
VR Iyer,68,62,1677,31.64,142.0,1,13
JM Bairstow,52,52,1674,34.88,146.07,2,9
AK Markram,69,66,1671,30.38,135.52,0,10
RM Patidar,57,52,1612,33.58,164.49,1,14
SO Hetmyer,94,85,1560,27.37,149.28,0,5
DJ Bravo,160,110,1560,22.61,129.57,0,5
TM Head,53,52,1556,32.42,170.05,1,10
NV Ojha,113,94,1554,20.72,118.35,0,6
DJ Hooda,125,101,1496,17.6,127.65,0,8
SS Tiwary,92,73,1494,28.73,120.1,0,8
S Badrinath,94,65,1441,30.66,118.89,0,11
EJG Morgan,83,74,1405,23.03,122.6,0,5
BJ Hodge,66,63,1400,33.33,125.22,0,6
RK Singh,72,62,1394,34.0,145.97,0,6
SC Ganguly,59,56,1349,25.45,106.81,0,7
CA Lynn,42,42,1329,34.08,140.63,0,10
DJ Hussey,64,61,1322,26.98,122.98,0,5
R Tewatia,124,91,1302,24.11,138.07,0,2
PD Salt,40,40,1258,34.0,174.48,0,12
V Shankar,78,63,1233,26.23,129.79,0,7
KM Jadhav,95,81,1208,22.37,123.14,0,4
Dhruv Jurel,57,51,1195,31.45,154.19,0,10
A Badoni,66,56,1178,25.61,140.91,0,7
MM Ali,73,59,1167,22.02,139.76,0,6
TM Dilshan,51,50,1153,26.81,114.5,0,9
TH David,66,59,1151,32.89,177.08,0,2
