display_name,matches,innings,wickets,average,economy,best_figures
YS Chahal,189,184,233,23.25,8.05,5/40
B Kumar,206,206,226,26.16,7.71,5/19
SP Narine,201,200,207,25.42,6.79,5/19
PP Chawla,192,191,192,26.6,7.96,4/17
JJ Bumrah,158,158,187,23.75,7.34,5/10
R Ashwin,219,217,187,30.22,7.2,4/34
DJ Bravo,160,158,183,23.83,8.38,4/22
RA Jadeja,267,237,180,30.36,7.71,5/16
Rashid Khan,153,153,179,23.92,7.28,4/24
A Mishra,162,162,174,23.82,7.38,5/17
SL Malinga,122,122,170,19.8,7.14,5/13
Sandeep Sharma,142,142,151,28.44,8.16,5/18
HV Patel,123,121,151,24.68,8.92,5/27
Harbhajan Singh,163,160,150,26.87,7.08,5/18
K Rabada,101,101,148,22.69,8.8,4/21
TA Boult,124,124,145,27.14,8.49,4/18
Mohammed Shami,132,132,145,29.02,8.67,4/11
UT Yadav,148,147,144,29.98,8.49,4/23
AR Patel,177,173,139,31.88,7.43,4/21
MM Sharma,120,119,134,26.22,8.77,5/10
Mohammed Siraj,125,125,128,30.55,8.78,4/17
AD Russell,139,121,123,23.28,9.51,5/15
SN Thakur,114,109,119,29.53,9.57,4/34
JD Unadkat,116,115,114,30.74,8.94,5/25
Kuldeep Yadav,111,107,112,28.21,8.29,4/14
CV Varun,94,94,111,24.73,7.72,5/20
Arshdeep Singh,97,95,111,28.03,9.19,5/32
KH Pandya,158,147,107,31.87,7.57,4/45
A Nehra,88,88,106,23.54,7.85,4/10
R Vinay Kumar,104,104,105,28.25,8.39,4/40
Z Khan,99,99,102,27.27,7.59,4/17
DW Steyn,95,95,97,25.86,6.92,3/8
DL Chahar,103,103,96,29.81,8.3,4/13
I Sharma,117,117,96,35.18,8.38,5/12
CH Morris,81,81,95,24.16,8.01,4/23
Avesh Khan,82,82,93,29.4,9.28,4/24
SR Watson,145,105,92,29.15,7.93,4/29
KK Ahmed,76,76,91,27.19,8.96,3/21
M Prasidh Krishna,78,78,90,28.87,8.99,4/28
P Kumar,119,119,90,36.12,7.73,3/18
RP Singh,82,82,90,25.98,7.9,4/22
PP Ojha,92,90,89,26.2,7.37,3/11
PJ Cummins,80,80,87,30.8,8.89,4/34
DS Kulkarni,92,92,86,28.77,8.31,4/14
JA Morkel,90,87,85,27.75,8.21,4/32
JC Archer,68,68,84,25.73,8.22,3/15
Ravi Bishnoi,86,85,83,30.05,8.36,4/41
KV Sharma,90,87,83,26.69,8.38,4/16
Imran Tahir,59,59,82,20.77,7.76,4/12
HH Pandya,162,116,82,33.55,9.36,5/36
IK Pathan,103,101,80,33.11,7.78,3/24
M Morkel,70,70,77,27.13,7.69,4/20
MA Starc,58,56,76,23.03,8.82,5/35
L Balaji,73,73,76,26.68,8.05,5/24
RD Chahar,80,79,75,29.28,7.78,4/27
MM Patel,63,63,74,22.95,7.52,5/21
T Natarajan,74,73,73,32.58,9.19,4/19
JR Hazlewood,52,52,72,23.47,8.62,4/12
MJ McClenaghan,56,56,71,25.39,8.49,4/21
R Bhatia,95,91,71,28.45,7.41,4/15
JO Holder,57,57,70,25.01,8.58,4/24
KA Pollard,189,107,69,31.59,8.79,4/44
AB Dinda,78,75,69,30.04,8.2,4/18
SK Trivedi,76,75,65,29.29,7.59,4/25
Mustafizur Rahman,60,60,65,28.45,8.13,4/29
JH Kallis,98,89,65,35.28,7.9,3/13
Shakib Al Hasan,71,70,63,29.19,7.44,3/17
M Muralitharan,66,66,63,26.92,6.68,3/11
Noor Ahmad,51,51,61,24.51,8.17,4/18
MG Johnson,54,54,61,27.9,8.29,3/26
A Nortje,49,49,61,27.8,9.09,3/33
SM Curran,64,63,59,34.46,9.74,4/11
JP Faulkner,60,60,59,30.14,8.69,5/16
S Kaul,55,55,58,29.98,8.63,4/29
SK Warne,55,54,57,25.39,7.27,4/21
TU Deshpande,53,53,55,33.78,10.11,4/27
LH Ferguson,52,52,52,32.13,9.21,4/28
S Gopal,52,51,52,25.94,8.17,4/16
S Nadeem,72,70,48,37.17,7.56,3/16
NM Coulter-Nile,39,38,48,22.92,7.7,4/14
SB Jakati,59,57,47,30.87,8.02,4/22
M Pathirana,33,33,47,21.81,8.66,4/28
TG Southee,54,54,47,37.06,8.67,3/20
VG Arora,43,42,47,29.91,9.74,3/27
MP Stoinis,123,75,46,33.63,9.93,4/15
PWH de Silva,37,37,46,24.33,8.41,5/18
M Jansen,49,47,45,36.27,9.63,3/17
RJ Harris,37,37,45,23.27,7.55,4/34
S Aravind,38,38,45,23.09,8.2,4/14
A Kumble,42,42,45,23.51,6.58,5/5
VR Aaron,52,50,44,33.66,8.94,3/16
YK Pathan,174,82,42,33.69,7.4,3/20
AJ Tye,30,30,42,23.31,8.59,5/17
L Ngidi,28,27,42,20.69,8.41,4/10
Mukesh Kumar,42,42,42,34.64,10.59,4/33
MC Henriques,62,60,42,30.69,8.14,3/12
GJ Maxwell,141,85,41,34.46,8.3,2/15
Yash Dayal,43,43,41,33.9,9.58,3/20
MM Ali,73,57,41,25.1,7.23,4/26
S Sreesanth,44,44,40,29.85,8.14,3/29
