player_id,display_name,aliases,last_seen
db584dad,CH Gayle,[],2021-09-28
c3a96caf,Mandeep Singh,[],2023-04-20
12b610c2,TM Head,[],2026-05-27
99d63244,KM Jadhav,[],2023-05-09
4329fbb5,SR Watson,[],2020-10-29
dc9dd038,Sachin Baby,[],2025-05-05
bd17b45f,STR Binny,[],2019-05-04
957532de,S Aravind,[],2017-05-07
245c97cb,TS Mills,[],2022-04-16
57ee1fde,YS Chahal,[],2026-05-23
18e6906e,A Choudhary,[],2017-05-07
dcce6f09,DA Warner,[],2024-05-12
0a476045,S Dhawan,[],2024-04-09
32198ae0,MC Henriques,[],2021-10-07
1c914163,Yuvraj Singh,[],2019-04-03
73ad96ed,DJ Hooda,[],2025-05-25
2e11c706,BCJ Cutting,[],2019-04-20
890946a0,NV Ojha,[],2018-05-05
c18496e1,Bipul Sharma,[],2017-05-17
2e81a32d,B Kumar,[],2026-05-31
96fd40ae,A Nehra,[],2017-05-06
5f547c8b,Rashid Khan,[],2026-05-31
ffe699c0,CJ Jordan,[],2023-05-26
b5da6c24,PA Patel,[],2019-05-04
99b75528,JC Buttler,[],2026-05-31
740742ef,RG Sharma,[],2026-05-24
fb2d1dda,N Rana,[],2026-05-08
70d205c9,AT Rayudu,[],2023-05-29
5b8c830e,KH Pandya,[],2026-05-31
a757b0d8,KA Pollard,[],2022-05-09
dbe50b21,HH Pandya,[],2026-05-24
13c35c9e,TG Southee,[],2023-04-06
51a3c5ef,MJ McClenaghan,[],2019-05-12
462411b3,JJ Bumrah,[],2026-05-20
29e95537,AM Rahane,[],2026-05-24
00ea847a,MA Agarwal,[],2025-06-03
30a45b23,SPD Smith,[],2021-10-13
e087956b,BA Stokes,[],2023-04-03
4a8a2e3b,MS Dhoni,[],2025-05-25
26e5cabf,MK Tiwary,[],2018-05-20
33a364a6,R Bhatia,[],2017-04-11
23eeb873,DL Chahar,[],2026-05-24
14f96089,A Zampa,[],2025-03-27
66b30f71,AB Dinda,[],2017-04-11
acee4cc4,Imran Tahir,[],2021-04-25
d1c36f5c,JJ Roy,[],2023-05-20
b8a55852,BB McCullum,[],2018-05-05
1dc12ab9,SK Raina,[],2021-10-02
b8d490fd,AJ Finch,[],2022-05-07
c03f1114,KD Karthik,[],2024-05-22
35205dfc,DR Smith,[],2017-05-13
ae78bc32,MS Gony,[],2017-04-07
e938e1bc,P Kumar,[],2017-05-13
c8179c68,SB Jakati,[],2017-04-14
d2a989fc,DS Kulkarni,[],2021-05-01
1da489ff,S Kaushik,[],2017-04-18
bb345e0b,G Gambhir,[],2018-04-23
45eda7c8,CA Lynn,[],2021-04-09
1c17e270,RV Uthappa,[],2022-05-12
93b4fc78,MK Pandey,[],2026-05-24
3c6ffae8,YK Pathan,[],2019-05-04
271f83cd,SA Yadav,[],2026-05-24
4c5d73db,CR Woakes,[],2021-04-18
98ae73b1,PP Chawla,[],2024-05-17
8d2c70ad,Kuldeep Yadav,[],2026-05-24
9d430b40,SP Narine,[],2026-05-24
a818c1be,TA Boult,[],2026-05-02
e798611a,HM Amla,[],2017-05-07
c03e2850,M Vohra,[],2023-05-03
fe11caa6,WP Saha,[],2024-05-04
2e171977,AR Patel,[],2026-05-24
b681e71e,GJ Maxwell,[],2025-04-26
d67d5f00,DA Miller,[],2026-05-24
d9273ee7,MP Stoinis,[],2026-05-23
983f2f61,Swapnil Singh,[],2024-05-22
759ac88f,MM Sharma,[],2025-05-24
ce820073,Sandeep Sharma,[],2026-05-19
ce794613,T Natarajan,[],2026-05-05
2a2e6343,DT Christian,[],2021-10-11
2ed569a0,RD Chahar,[],2026-04-03
0494fa6e,Vishnu Vinod,[],2026-05-14
f62772e5,P Negi,[],2020-09-28
85aae393,Iqbal Abdulla,[],2017-04-10
6834d1f2,B Stanlake,[],2018-04-22
855a210c,AP Tare,[],2018-04-17
c16d4035,SW Billings,[],2022-05-18
944533a5,KK Nair,[],2026-05-05
a4cc73aa,SV Samson,[],2026-05-21
919a3be2,RR Pant,[],2026-05-23
fb66ce1f,CH Morris,[],2021-10-07
e342e5fb,CR Brathwaite,[],2019-04-25
ded9240e,PJ Cummins,[],2026-05-27
6b19d823,A Mishra,[],2024-04-27
9d80c5e1,S Nadeem,[],2021-04-14
91a4a398,Z Khan,[],2017-05-14
871e9faf,Basil Thampi,[],2022-04-13
c28e9f12,Tejas Baroka,[],2017-04-09
0994d0ae,V Shankar,[],2025-04-20
db31895a,AS Rajpoot,[],2020-10-25
8b5b6769,Harbhajan Singh,[],2021-04-18
a12e1d51,SL Malinga,[],2019-05-12
26a85969,R Dhawan,[],2024-05-19
0a3d54b9,VR Aaron,[],2022-04-02
c4487b84,AB de Villiers,[],2021-10-11
8abdf100,CJ Anderson,[],2018-04-25
3355b542,F du Plessis,[],2025-05-24
77255a9e,RA Tripathi,[],2025-04-14
0a8fce53,Mustafizur Rahman,[],2025-05-24
5bb1a1c4,I Sharma,[],2025-05-02
94d7f855,C de Grandhomme,[],2019-05-04
cc1e8c68,UT Yadav,[],2024-05-10
ba607b88,V Kohli,[],2026-05-31
76388dc8,S Badree,[],2017-05-07
752f7486,Ishan Kishan,[],2026-05-27
fe93fd9d,RA Jadeja,[],2026-05-29
7c7d63a2,AJ Tye,[],2022-04-07
24d94623,Ankit Sharma,[],2018-05-11
1abb78f8,SN Thakur,[],2026-05-24
2f9d0389,LH Ferguson,[],2026-05-17
85ec8e33,SS Iyer,[],2026-05-23
d2a6c0e6,EJG Morgan,[],2021-10-15
edb3d4f8,KC Cariappa,[],2019-04-21
f0f628c7,MM Patel,[],2017-05-13
1e66c162,JD Unadkat,[],2026-04-11
350bb1b1,AF Milne,[],2026-05-17
896d78ad,AD Mathews,[],2017-05-02
8cf9814c,Mohammed Shami,[],2026-05-23
56ab442f,NM Coulter-Nile,[],2022-03-29
62af8546,Mohammad Nabi,[],2024-04-30
d8b2f218,BB Sran,[],2019-05-02
dcf81436,S Kaul,[],2022-05-19
81049310,J Yadav,[],2023-04-22
d027ba9f,KS Williamson,[],2024-04-07
2f49c897,Mohammed Siraj,[],2026-05-31
508a1ea7,SE Marsh,[],2017-05-14
6eb146d2,Gurkeerat Singh,[],2020-10-31
808f425a,JP Faulkner,[],2017-05-13
7dc35884,Shakib Al Hasan,[],2021-10-15
e62dd25d,K Rabada,[],2026-05-31
f5180fe6,MG Johnson,[],2018-05-06
f19ccfad,Washington Sundar,[],2026-05-31
f10e94c4,AD Nath,[],2019-04-24
b51f72a5,SS Agarwal,[],2017-04-23
b822e99c,NB Singh,[],2017-04-27
119678fd,KV Sharma,[],2025-05-21
14b14cd8,DM Bravo,[],2017-04-26
f18ba07f,Ankit Soni,[],2017-05-13
afe3355a,AR Bawne,[],2017-04-28
acc1aeda,SP Jackson,[],2022-05-09
2be41edb,MJ Guptill,[],2019-05-08
69be866a,Anureet Singh,[],2018-05-15
5fa06777,IK Pathan,[],2017-04-29
9fc0ef64,PJ Sangwan,[],2022-05-06
650d5e49,R Powell,[],2026-05-24
f846de6a,MN Samuels,[],2017-05-14
89f64c19,LMP Simmons,[],2017-05-21
39a2dfa8,R Tewatia,[],2026-05-31
e84ac20c,MJ Henry,[],2026-04-05
709b0bac,SS Tiwary,[],2021-10-05
41eb4a4f,R Vinay Kumar,[],2018-04-10
4125d931,J Suchith,[],2022-05-22
f986ca1a,HV Patel,[],2026-05-22
eef2536f,Avesh Khan,[],2026-05-10
dded65e7,IR Jaggi,[],2017-05-19
0ebfb1ad,E Lewis,[],2022-05-25
a9fd84fb,M Markande,[],2026-04-12
87e562a9,DJ Bravo,[],2022-05-12
8d92a2c3,MA Wood,[],2023-04-15
af2c687b,C Munro,[],2019-05-10
b17e2f24,KL Rahul,[],2026-05-24
495d42a5,R Ashwin,[],2025-05-20
7d92277a,Mujeeb Ur Rahman,[],2025-03-29
372455c4,Q de Kock,[],2026-04-23
f088b960,SN Khan,[],2026-05-10
fa2f1dde,K Khejroliya,[],2026-05-26
0a509d6b,RK Singh,[],2026-05-24
bbd41817,AD Russell,[],2025-05-25
1a156c88,DJM Short,[],2018-05-13
90de905a,K Gowtham,[],2024-05-08
7a8bd078,S Gopal,[],2024-04-18
b2a79f17,B Laughlin,[],2018-05-23
e86754b2,TK Curran,[],2021-10-10
c38d3503,Shivam Mavi,[],2023-05-15
5b16a806,A Dananjaya,[],2018-04-14
b4b99816,Shubman Gill,[],2026-05-31
4b57e452,M Vijay,[],2020-09-25
2e8994e7,JP Duminy,[],2018-05-13
235c2bb6,H Klaasen,[],2026-05-27
b63e358a,RK Bhui,[],2024-03-28
5574750c,JC Archer,[],2026-05-29
8b3e9c7c,PP Shaw,[],2024-04-29
9a963804,LE Plunkett,[],2018-05-20
92aeac25,AD Hales,[],2018-05-17
da934ee8,MK Lomror,[],2025-04-19
641ac5ff,IS Sodhi,[],2019-05-04
e2db2409,M Ashwin,[],2023-05-07
798cc28e,KM Asif,[],2023-05-14
f834dcfc,L Ngidi,[],2026-05-24
faa7365d,DR Shorey,[],2019-05-05
7f048519,DJ Willey,[],2023-04-26
85e0cf10,M Prasidh Krishna,[],2026-05-31
bb351c23,MM Ali,[],2025-05-07
541f85c9,SP Goswami,[],2020-11-08
8ac93ca2,P Chopra,[],2019-04-07
99ed60f8,JPR Scantlebury-Searles,[],2018-05-23
f29185a1,Abhishek Sharma,[],2026-05-27
b410bd3d,S Lamichhane,[],2019-04-28
1cb14aa4,CJ Dala,[],2018-05-12
a2f46292,KK Ahmed,[],2026-04-14
48a1d7b7,SO Hetmyer,[],2026-05-09
a4e37e47,S Dube,[],2026-05-21
21d4e29b,Navdeep Saini,[NA Saini],2026-04-09
abb83e27,JM Bairstow,[],2025-06-01
c995d726,CA Ingram,[],2019-05-04
75224f22,KMA Paul,[],2020-11-08
b8527c3d,Rasikh Salam,[],2026-05-31
3241e3fd,N Pooran,[],2026-05-23
e94915e6,SM Curran,[],2025-05-03
a316d663,GC Viljoen,[],2019-04-24
5b7ab5a9,CV Varun,[],2026-05-24
aedc3b7c,NS Naik,[],2020-09-23
94253925,GH Vihari,[],2019-04-01
441c72ae,P Ray Barman,[],2019-03-31
e4a0deae,MJ Santner,[],2026-04-23
4933f499,JP Behrendorff,[],2023-05-26
fef92afc,SC Kuggeleijn,[],2019-04-09
b0946605,AS Joseph,[],2024-03-29
ade90de7,S Midhun,[],2019-04-07
e412cb64,HF Gurney,[],2019-05-05
9601c534,SD Lad,[],2019-04-10
04a418e8,R Parag,[],2026-05-29
bdadf7da,JL Denly,[],2019-04-12
50c6bc2b,LS Livingstone,[],2026-04-21
b4296080,Milind Kumar,[],2019-04-15
244048f6,Arshdeep Singh,[],2026-05-23
ff1e12a0,AJ Turner,[],2024-05-05
8fd1a8f5,DW Steyn,[],2020-10-28
c05edf8e,Harpreet Brar,[],2026-05-17
d014d5ac,SE Rutherford,[],2026-05-14
cfa4bd2b,Y Prithvi Raj,[],2019-04-25
c6097d68,O Thomas,[],2019-05-04
e4cdf230,AS Roy,[],2026-05-24
cdc6bdba,S Sandeep Warrier,[],2024-05-10
9418198b,P Simran Singh,[],2026-05-23
1399b39c,Anmolpreet Singh,[],2024-05-02
f752db61,JL Pattinson,[],2020-11-03
acdc62f5,A Nortje,[],2026-04-01
a1d053dd,SS Cottrell,[],2020-10-08
df064e1a,Ravi Bishnoi,[],2026-05-01
25f7b7d6,T Banton,[],2020-10-21
2c25d4f5,D Padikkal,[],2026-05-31
ac5ae4af,I Udana,[],2020-11-02
bb965e9a,PK Garg,[],2023-05-02
0f721006,JO Holder,[],2026-05-31
8e514b4c,Abdul Samad,[],2026-05-23
6c19c6e5,YBK Jaiswal,[],2026-05-29
45a43fe2,RD Gaikwad,[],2026-05-21
b4f5c2d9,KL Nagarkoti,[],2022-05-11
46a9bea1,TU Deshpande,[],2026-05-29
39086549,JR Philippe,[],2020-11-02
5d2eea49,Kartik Tyagi,[],2026-05-24
9219eff0,JDS Neesham,[],2022-05-15
f9e6e7ef,Shahbaz Ahmed,[],2026-05-19
caf69bf7,DR Sams,[],2023-04-28
bd54eef5,N Jagadeesan,[],2023-04-29
69d03465,AT Carey,[],2020-10-17
03806cf8,JR Hazlewood,[],2026-05-31
19b9f399,CJ Green,[],2020-10-16
3d8feaf8,MR Marsh,[],2026-05-19
ed5a5510,P Dubey,[],2026-05-23
ad427b5c,Lalit Yadav,[],2024-04-20
fb24e76c,Monu Kumar,[],2020-10-25
81c36ee9,M Jansen,[],2026-05-23
c740ea83,RM Patidar,[],2026-05-31
68c56d09,KA Jamieson,[],2026-05-01
7dcb9bc9,M Shahrukh Khan,[],2026-04-30
1ee08e9a,JA Richardson,[],2024-04-07
64775749,RP Meredith,[],2023-04-30
2cdce1be,C Sakariya,[],2025-04-26
26d76ad9,Virat Singh,[],2021-04-25
249abedf,Jalaj S Saxena,[],2021-04-18
d3611425,LI Meriwala,[],2021-04-18
60500956,RV Patel,[],2023-05-10
b52ffbbd,FA Allen,[],2022-04-16
dfc4d8b5,KW Richardson,[],2021-04-22
c8f5f961,Anuj Rawat,[],2024-04-15
ad9c32a2,DJ Malan,[],2021-05-02
44a89551,KS Bharat,[],2023-04-09
a97c8ec2,PWH de Silva,[],2025-05-20
a24be938,VR Iyer,[],2026-05-31
81c08fa3,Umran Malik,[],2024-03-27
9a46c4e5,GD Phillips,[],2026-04-20
b483905d,Akash Singh,[],2026-05-19
be869ccf,GHS Garton,[],2021-10-11
6a26221c,AK Markram,[],2026-05-15
030f3089,K Yadav,[],2023-05-07
a03bba42,T Shamsi,[],2021-09-25
9eb1455b,NT Ellis,[],2025-03-23
4663bd23,TL Seifert,[],2026-04-26
fdf7491e,IC Porel,[],2021-09-21
249d60c9,AU Rashid,[],2023-04-07
f1f99156,TH David,[],2026-05-31
df5a6881,DP Conway,[],2025-05-25
b0482a1d,Tilak Varma,[],2026-05-24
0a67aec0,Akash Deep,[],2025-05-22
6c882e9a,PBB Rajapaksa,[],2023-05-08
ba6b2f91,RA Bawa,[],2026-05-14
23cca426,OF Smith,[],2022-04-17
872b03f7,A Badoni,[],2026-05-23
327b58d3,PVD Chameera,[],2026-04-27
c33d8116,Mohsin Khan,[],2026-05-23
afa7e784,MS Wade,[],2024-05-10
0890552f,A Manohar,[],2025-05-25
c5aef772,R Shepherd,[],2026-05-31
11614d87,D Pretorius,[],2023-04-08
765a4731,Mukesh Choudhary,[],2026-05-21
800d2d97,JM Sharma,[],2026-05-31
7c3b3b78,VG Arora,[],2026-05-13
844e79d1,D Brevis,[],2026-05-21
d5130a30,B Sai Sudharsan,[],2026-05-31
cd8d2859,DG Nalkande,[],2024-04-07
f24c6701,M Theekshana,[],2025-05-04
26989d80,Shashank Singh,[],2026-05-23
be24ead0,Ramandeep Singh,[],2026-05-16
9948e262,HE van der Dussen,[],2022-05-11
2e78f685,KR Sen,[],2024-04-16
9385de2e,SS Prabhudessai,[],2024-04-21
7210d461,Yash Dayal,[],2025-06-03
378daa89,Aman Hakim Khan,[],2023-05-20
529eb9e0,OC McCoy,[],2023-05-07
0c9652b0,HR Shokeen,[],2023-05-24
eade4650,DJ Mitchell,[],2024-05-18
ff1e68fa,B Indrajith,[],2022-05-07
77b1aa15,Harshit Rana,[],2025-05-25
f6d8a7ab,K Kartikeya,[],2025-05-01
30df8c66,Simarjeet Singh,[],2025-04-06
1a2676c5,SA Abbott,[],2022-05-05
e9c7f0d0,Fazalhaq Farooqi,[],2025-05-18
c7a995d3,R Sai Kishore,[],2026-05-29
39ed0d2f,KS Sharma,[],2023-05-20
85b3fab2,T Stubbs,[],2026-05-24
c695b423,PH Solanki,[],2022-05-20
64839cb3,M Pathirana,[],2026-05-16
33ffc3dd,R Sanjay Yadav,[],2022-05-17
aa5d8c9e,A Tomar,[],2022-05-18
663b5e34,PN Mankad,[],2023-05-24
c3c92b42,RS Hangargekar,[],2023-04-03
9061a703,J Little,[],2024-05-04
26d041c4,Sikandar Raza,[],2024-04-09
0bacade8,Rahmanullah Gurbaz,[],2025-05-07
73c18486,KR Mayers,[],2023-05-24
cad00a4d,RR Rossouw,[],2024-05-19
2cffab74,Mukesh Kumar,[],2026-05-17
4ae1755b,HC Brook,[],2023-05-21
eaa76d3c,C Green,[],2026-05-24
d1a60072,N Wadhera,[],2026-05-03
12314277,Arshad Khan,['Arshad Khan (2)'],2026-05-31
e38bce7a,MG Bracewell,[],2023-05-21
8db7f47f,RJW Topley,[],2025-06-01
4b31f3a3,Yash Thakur,[],2026-05-11
ad3b6e95,Abishek Porel,[],2026-05-24
bcf325d2,Dhruv Jurel,[],2026-05-29
a90e53ec,MW Short,[],2026-05-21
9440ef41,Suyash Sharma,[],2026-05-22
8361e524,SSB Magala,[],2023-04-12
9a5f2863,Mohit Rathee,[],2023-04-09
3a60e0b5,WD Parnell,[],2023-05-21
dd7e9b3b,YV Dhull,[],2023-05-20
54e52590,Vijaykumar Vyshak,[],2026-05-23
4885bbe6,Yudhvir Singh,[],2025-05-20
1ac746c8,Atharva Taide,[],2025-05-19
28c78fb3,Harpreet Singh,[],2024-04-21
44aac2f0,Arjun Tendulkar,[],2026-05-23
8dc152d1,D Jansen,[],2023-04-16
efc04be7,Noor Ahmad,[],2026-05-21
c0c411cb,Naveen-ul-Haq,[],2024-05-17
0404d43c,Liton Das,[],2023-04-20
3d284ca3,PD Salt,[],2026-04-18
aa8d28ae,D Wiese,[],2023-04-29
a457cfb5,Mayank Dagar,[],2024-04-06
cc777ffa,Abdul Basith,[],2023-04-23
99258814,Gurnoor Brar,[],2023-04-28
4d7f517e,AJ Hosein,[],2026-05-18
cbf58a86,SK Rasheed,[],2025-05-03
6ab96cc2,Sonu Yadav,[],2023-05-01
4bd09374,Akash Madhwal,[],2025-05-20
266849c1,R Goyal,[],2023-05-06
a343262c,JE Root,[],2023-05-14
1b7b0fa7,Vivrant Sharma,[],2023-05-21
3ff033bb,MD Shanaka,[],2026-05-29
b0f2baf4,Sanvir Singh,[],2024-05-21
aad0c365,Nithish Kumar Reddy,[],2026-05-27
f0af99a7,D Ferreira,[],2026-05-29
52294a79,H Sharma,[],2024-04-06
0edcb652,Subhransu Senapati,[],2023-05-23
ba5e1069,R Ravindra,[],2025-04-20
f89d3b11,Sameer Rizvi,[],2026-05-24
1fc6ef83,SD Hope,[],2024-05-14
8998a68f,Sumit Kumar,[],2024-04-27
f1809c03,Tanay Thyagarajan,[],2024-03-30
3fb19989,MA Starc,[],2026-05-24
465aa633,N Burger,[],2026-05-29
8f6dd463,Azmatullah Omarzai,[],2026-05-23
83c3e8e3,SH Johnson,[],2026-05-21
65b6943c,L Wood,[],2024-04-27
fffa744b,Naman Dhir,[],2026-05-24
3204c99f,G Coetzee,[],2025-05-30
9d704f6f,SZ Mulani,[],2024-03-27
107c26fb,KT Maphaka,[],2025-05-20
d7017798,A Raghuvanshi,[],2026-05-20
b1ad996b,MP Yadav,[],2026-05-19
cf0ccafa,M Siddharth,[],2026-05-04
6b2ff18f,SB Dubey,[],2026-05-24
84d9c311,Ashutosh Sharma,[],2026-05-24
9e7225b0,Saurav Chauhan,[],2024-04-15
57ca01b3,Kumar Kushagra,[],2026-04-04
9b6e1b3f,J Fraser-McGurk,[],2025-04-16
c2dd89ea,BR Sharath,[],2024-04-07
0b60eb09,KA Maharaj,[],2024-04-13
9caf69a1,WG Jacks,[],2026-05-24
5724e517,Tanush Kotian,[],2024-04-13
97290faf,S Joseph,[],2024-04-14
ee1b6c27,N Thushara,[],2025-05-27
a1d95bd8,LB Williams,[],2024-04-29
2d140b79,AA Kulkarni,[],2026-05-23
402f8494,RJ Gleeson,[],2025-05-30
025c4400,MJ Suthar,[],2026-05-03
fcc21ace,A Kamboj,[],2026-05-21
9f77963a,Gulbadin Naib,[],2024-05-14
03a83c50,V Viyaskanth,[],2024-05-21
d4d929b0,V Kaverappa,[],2024-05-09
f836b33d,T Kohler-Cadmore,[],2024-05-24
e1d9ae9c,Shivam Singh,[],2024-05-19
a3b0600d,Aniket Verma,[],2026-05-03
1e030637,V Puthur,[],2025-04-23
e66732f8,RD Rickelton,[],2026-05-24
bafd0398,R Minz,[],2026-05-02
c27b5a0e,PVSN Raju,[],2025-03-29
13fc5c6d,DS Rathi,[],2026-05-23
80b2fb19,Prince Yadav,[],2026-05-23
5ffc0565,V Nigam,[],2026-05-08
51ec3919,T Vijay,[],2026-05-17
b5797845,Priyansh Arya,[],2026-05-23
970ddd24,Suryansh Shedge,[],2026-05-23
e96801ea,MS Bhandage,[],2025-06-03
c96f6ac5,PWA Mulder,[],2025-03-30
36619795,Zeeshan Ansari,[],2025-05-19
59559bc2,J Overton,[],2026-05-10
d45c29b1,Ashwani Kumar,[],2026-04-29
08548b13,PHKD Mendis,[],2025-05-19
172dff15,C Bosch,[],2026-05-24
ebcfef83,Himmat Singh,[],2026-05-10
5750bcb4,E Malinga,[],2026-05-27
989889ff,JP Inglis,[],2026-05-23
3b53243a,XC Bartlett,[],2026-05-14
470f446b,V Suryavanshi,[],2026-05-29
b2b4f545,A Mhatre,[],2026-04-18
3c55c703,JG Bethell,[],2026-05-17
62175638,Karim Janat,[],2025-04-28
e3851766,KS Rathore,[],2025-05-04
50c09020,Ashok Sharma,[],2026-04-20
cf59b3f0,Urvil Patel,[],2026-05-21
fb5f69e4,M Tiwari,[],2026-05-24
f2c936d7,MJ Owen,[],2025-05-18
cb9b8664,W O'Rourke,[],2025-05-27
25228673,Harsh Dubey,[],2026-05-06
35f173a0,MP Breetzke,[],2025-05-27
d621b427,Musheer Khan,[],2025-05-29
5d1e7582,BKG Mendis,[],2025-05-30
3c28853f,Sediqullah Atal,[],2025-05-24
d7423da1,S Arora,[Salil Arora],2026-05-27
6c79c098,DA Payne,[],2026-04-02
dadbdb68,JA Duffy,[],2026-05-31
82c10dac,Abhinandan Singh,[],2026-04-10
bf74b130,FH Allen,[],2026-05-24
449f4e3c,B Muzarabani,[],2026-04-02
9ca68676,AM Ghazanfar,[],2026-05-24
7b679de5,Kartik Sharma,[],2026-05-21
133bbd61,Brijesh Sharma,[],2026-05-29
fe366f34,C Connolly,[],2026-05-23
1c84109e,MD Choudhary,[],2026-05-23
8ee36b18,P Nissanka,[],2026-05-08
7b44eb3e,Shivang Kumar,[],2026-05-27
e148e6bd,PR Veer,[],2026-05-18
cc61ee8f,Gurjapneet Singh,[],2026-05-21
7c3c0337,Auqib Nabi,[],2026-05-24
e5437608,GF Linde,[],2026-04-26
280fff14,Sakib Hussain,[],2026-05-27
ece7b6b3,PP Hinge,[],2026-05-27
60aa2db3,LG Pretorius,[],2026-05-19
2b801189,Mayank Rawat,[],2026-04-16
02dfebbe,Yash Raj Punja,[],2026-05-29
9e6032fa,DV Malewar,[],2026-04-23
e48a4814,Krish Bhagat,[],2026-05-02
de7d833e,D Madushanka,[],2026-04-21
548516a6,Ravi Singh,[],2026-05-17
926c7443,SU Parakh,[],2026-05-24
5b615e7c,Raghu Sharma,[],2026-05-24
dee07622,RS Ghosh,[],2026-05-02
c1e53c3f,R Smaran,[],2026-05-27
3cea23da,N Sindhu,[],2026-05-31
d8d67045,Akshat Raghuwanshi,[],2026-05-10
e1b9f3a9,BJ Dwarshuis,[],2026-05-11
11061889,SR Dubey,[],2026-05-24
92500ad5,SS Mishra,[],2026-05-27
f12fe2a1,T Dahiya,[],2026-05-24
ff154ecd,JM Cox,[],2026-05-22
725529bc,SC Ganguly,[],2012-05-19
7d415ea5,RT Ponting,[],2013-04-21
fd835ab3,DJ Hussey,[],2014-05-30
9ab63e7b,Mohammad Hafeez,[],2008-05-20
b1451597,LR Shukla,[],2014-05-10
fa463154,AB Agarkar,[],2013-05-07
abfeb126,M Kartik,[],2014-05-07
0184dc35,R Dravid,[],2013-05-24
619aa81f,W Jaffer,[],2009-05-07
86dc8f2e,JH Kallis,[],2014-05-11
d0513f63,CL White,[],2013-05-22
f3cb53a1,MV Boucher,[],2011-05-14
af7dadf7,B Akhil,[],2011-04-30
b69e69ed,AA Noffke,[],2008-04-18
670709ec,SB Joshi,[],2008-04-30
d8699ab7,ML Hayden,[],2010-04-25
48fd7349,MEK Hussey,[],2015-05-24
3eac9d95,JDP Oram,[],2013-04-04
3576e47e,S Badrinath,[],2013-05-26
9f961c14,Joginder Sharma,[],2011-04-22
6ad3a659,P Amarnath,[],2008-05-10
4ba44e19,M Muralitharan,[],2014-05-22
a1f1829d,K Goel,[],2010-04-18
2498e163,JR Hopes,[],2011-05-21
6b71e6cf,KC Sangakkara,[],2013-05-08
fdedb37c,SM Katich,[],2009-05-20
eaa90ab4,P Dharmani,[],2008-04-19
dd09ff8e,B Lee,[],2013-05-01
3dba85c2,WA Mota,[],2009-05-20
6b8eb6e5,S Sreesanth,[],2013-05-09
40caa465,T Kohli,[],2009-04-29
d84378a4,M Kaif,[],2012-04-15
53fe6ee4,DS Lehmann,[],2008-04-21
de8d3876,M Rawat,[],2013-05-09
0264c10e,D Salunkhe,[],2008-05-28
bb18be76,SK Warne,[],2011-05-20
3d7e087f,SK Trivedi,[],2013-05-24
8ba8195d,V Sehwag,[],2015-05-03
c42aaf71,M Manhas,[],2014-05-24
d7c6af50,DL Vettori,[],2012-05-02
ab89348d,MF Maharoof,[],2010-04-11
50758325,B Geeves,[],2008-05-24
ee7d0c82,GD McGrath,[],2008-05-30
0fa5042b,L Ronchi,[],2009-05-08
f233bbb4,ST Jayasuriya,[],2010-04-11
7d3937ed,DJ Thornely,[],2008-05-18
0aadc906,PR Shah,[],2011-05-20
a45a5e8d,AM Nayar,[],2014-05-25
88fccd6c,SM Pollock,[],2008-05-28
0d232ffd,MA Khote,[],2008-04-27
881a9bdd,S Chanderpaul,[],2008-05-08
b61a3e1a,LRPL Taylor,[],2014-05-15
2b6e6dec,AC Gilchrist,[],2013-05-18
fe763256,Y Venugopal Rao,[],2014-05-24
de8cce37,VVS Laxman,[],2011-04-24
bd77eb62,A Symonds,[],2011-05-20
57efa3be,SB Styris,[],2011-04-13
b9be6507,AS Yadav,[],2008-05-27
0604ef16,SB Bangar,[],2009-04-23
bcce309e,WPUJC Vaas,[],2010-04-18
c3d1402f,RP Singh,[],2016-05-10
6c6591ab,PP Ojha,[],2015-04-08
d18f9182,DPMD Jayawardene,[],2013-05-19
3fca55af,S Sohal,[],2011-05-16
ff077124,Kamran Akmal,[],2008-06-01
e32d22f6,Pankaj Singh,[],2012-05-10
0dc00542,Shahid Afridi,[],2008-05-27
64c34cd0,Shoaib Malik,[],2008-05-19
e03b66ec,Mohammad Asif,[],2008-05-30
93a17209,VY Mahesh,[],2012-05-17
38f2c66c,VS Yeligati,[],2008-05-21
94bc776b,D Kalyankrishna,[],2008-05-01
72861603,GC Smith,[],2011-05-04
36d33dd0,RR Sarwan,[],2008-05-10
034b4b7d,VRV Singh,[],2010-04-18
64d43928,Sohail Tanvir,[],2008-06-01
0c2730df,A Kumble,[],2010-04-24
e0351c86,DNT Zoysa,[],2008-05-18
facb9086,SD Chitnis,[],2012-05-19
a76d10ba,TM Srivastava,[],2009-05-03
c3d35165,JA Morkel,[],2016-04-29
5451a2c1,B Chipli,[],2013-05-19
7050a1e7,DB Das,[],2013-05-15
342d8ade,CRD Fernando,[],2010-04-25
e1d1b294,HH Gibbs,[],2012-05-16
890de8cb,Gagandeep Singh,[],2008-05-23
4d6d6280,Salman Butt,[],2008-05-25
b57f8a9a,BJ Hodge,[],2014-05-25
16dfcc19,Umar Gul,[],2008-05-25
ae091d39,SA Asnodkar,[],2011-04-21
eea6b7f1,SP Fleming,[],2008-05-27
756389bd,S Vidyut,[],2008-06-01
20a941bb,M Ntini,[],2008-06-01
1be70c88,LPC Silva,[],2008-05-25
b720a5d6,DB Ravi Teja,[],2013-04-14
acd4f5dc,DP Vijaykumar,[],2008-05-27
7eae4418,Misbah-ul-Haq,[],2008-05-28
4e04666c,YV Takawale,[],2014-05-24
5f4e9e8f,RR Raje,[],2009-05-12
622cc511,U Kaul,[],2008-05-21
f48cf4da,DT Patil,[],2008-05-17
95a2ea61,S Anirudha,[],2014-05-24
cfad138c,CK Kapugedera,[],2008-06-01
b2b50355,L Balaji,[],2014-06-01
e249fdaa,A Chopra,[],2009-04-21
75de770f,T Taibu,[],2008-05-13
f663ef00,J Arunkumar,[],2008-05-17
a2870fb7,NK Patel,[],2009-05-20
d2c2b2d5,SR Tendulkar,[],2013-05-13
5bdcdb72,TM Dilshan,[],2013-04-27
3edb58fc,AD Mascarenhas,[],2013-04-19
b63ab531,LA Pomersbach,[],2013-05-11
10a91f35,Shoaib Akhtar,[],2008-05-18
5d096f3d,RR Powar,[],2012-05-08
33cb3411,Younis Khan,[],2008-05-28
4b4d1957,PM Sarvesh Kumar,[],2008-05-27
c9d33ef5,RV Pawar,[],2008-05-16
888e32bf,Abdur Razzak,[],2008-05-17
0ed0cdbf,H Das,[],2008-05-18
2503e881,A Nel,[],2008-05-24
6165bca6,A Mukund,[],2013-04-29
ea0cdc12,BAW Mendis,[],2013-05-11
ddc0828d,A Flintoff,[],2009-04-23
b2ae53f5,T Thushara,[],2010-04-10
0a4ebc61,T Henderson,[],2009-05-20
6ef60d3a,Kamran Khan,[],2011-04-29
91ffa6c6,JD Ryder,[],2012-05-19
39f01cdb,KP Pietersen,[],2016-04-22
c404f58a,DP Nannes,[],2013-04-28
260fd380,AM Salvi,[],2011-05-15
7ca5e05d,RS Bopara,[],2015-05-09
5f26df4f,VS Malik,[],2014-05-23
4353bba5,YA Abdulla,[],2010-03-16
2a72fd4f,Harmeet Singh,[],2013-05-11
a7c226e1,FH Edwards,[],2009-05-02
4d5a1617,R Bishnoi,[],2009-05-01
297b26da,Yashpal Singh,[],2009-05-20
25eeb281,PC Valthaty,[],2013-04-19
23ac69e6,RJ Quiney,[],2009-05-20
c69a7b5c,AS Raut,[],2011-05-11
21ac077a,RR Bose,[],2009-04-24
d92e42f5,KP Appanna,[],2012-05-20
bff458c6,AA Bilakhia,[],2010-04-05
8a668774,Shoaib Ahmed,[],2009-05-13
7023d182,AN Ghosh,[],2009-05-12
710dd98c,MN van Wyk,[],2009-05-10
05c2ca46,RE van der Merwe,[],2013-05-14
aaa1b522,TL Suman,[],2013-05-02
c24a2c5d,S Tyagi,[],2010-04-18
611926bc,GR Napier,[],2009-05-01
d872f52a,LA Carseldine,[],2009-05-11
63bff7f9,SM Harwood,[],2009-05-09
d7a57f75,D du Preez,[],2009-05-07
12eddf28,RJ Harris,[],2013-04-14
5b040b81,A Singh,[],2012-05-01
5bb5a915,M Morkel,[],2016-05-25
5056011d,GJ Bailey,[],2016-05-21
f24ca2ba,C Nanda,[],2009-05-16
66cf56a5,A Mithun,[],2013-05-12
caa89a48,SS Sarkar,[],2009-05-20
7c503806,J Botha,[],2015-05-09
e186f49c,Mashrafe Mortaza,[],2009-05-16
5f5d3ad4,SS Shaikh,[],2009-05-20
d7b3a420,Jaskaran Singh,[],2010-04-03
16043342,AB McDonald,[],2013-04-16
662c47a6,Y Nagar,[],2012-05-12
d1c94b25,CK Langeveldt,[],2011-05-17
2bb09eb2,Mohammad Ashraful,[],2009-05-21
7c390b03,RA Shaikh,[],2009-05-21
7bb62642,Anirudh Singh,[],2010-04-24
d4f9dbd4,CA Pujara,[],2014-05-03
7bf96684,OA Shah,[],2013-05-03
626c5379,R Sathish,[],2016-05-25
c654af19,R McLaren,[],2013-05-07
ef5da05c,AG Murtaza,[],2013-05-19
2815fe50,AA Jhunjhunwala,[],2012-05-13
2728e7e9,P Dogra,[],2013-05-19
fdcb08c2,A Uniyal,[],2010-03-15
addfb70e,SW Tait,[],2013-05-07
5afd4539,MS Bisla,[],2015-04-22
9ff100a6,RS Gavaskar,[],2010-03-16
6581d753,JM Kemp,[],2010-04-18
fb693839,S Ladda,[],2016-04-11
c15e2193,FY Fazal,[],2011-05-15
4f629497,SE Bond,[],2010-04-19
11df3dc8,MJ Lumb,[],2011-05-14
69762509,DR Martyn,[],2010-03-18
287686fd,S Narwal,[],2013-05-03
d3a3e82d,AB Barath,[],2010-04-11
2049f3a0,SJ Srivastava,[],2011-05-17
864c199e,AC Voges,[],2010-04-17
6afb26d6,MD Mishra,[],2012-05-11
5d9a1a73,R Sharma,[],2014-05-03
dec8e038,J Theron,[],2015-05-01
0f12f9df,NLTC Perera,[],2016-05-21
7daedf2f,KB Arun Karthik,[],2013-05-14
78eb4223,KAJ Roach,[],2010-04-01
a386e91b,PD Collingwood,[],2010-04-18
798934ea,C Ganapathy,[],2010-03-31
86ae8ef2,MB Parmar,[],2010-04-01
45c2196c,DE Bollinger,[],2012-04-21
dddca1d6,SB Wagh,[],2011-05-10
dbc50253,AP Dole,[],2010-04-11
2af1b6d2,AN Ahmed,[],2015-04-19
a3ecf01f,RS Sodhi,[],2010-04-16
8b9704ae,L Ablish,[],2011-05-06
f4f0fafd,B Sumanth,[],2010-04-22
64a4c383,S Sriram,[],2011-05-15
2eeb4370,C Madan,[],2010-04-13
3a02626a,AG Paunikar,[],2011-04-17
6ec424a9,ND Doshi,[],2011-05-15
f5f18a18,S Randiv,[],2011-05-07
8291f939,AL Menaria,[],2013-04-06
b2570b38,RV Gomez,[],2013-05-19
3ae3f034,AUK Pathan,[],2012-05-06
0c94f480,UBT Chand,[],2016-05-13
a84468fe,DJ Jacobs,[],2012-04-16
cf73ad76,JEC Franklin,[],2012-05-23
30e37810,Sunny Singh,[],2011-05-06
6042bf26,NJ Rimmington,[],2011-04-10
dc4686e6,BA Bhatt,[],2013-04-26
b552a935,AC Thomas,[],2012-05-11
4ec07775,RN ten Doeschate,[],2015-05-04
5673a3fc,NL McCullum,[],2011-05-01
6821ac10,JJ van der Wath,[],2011-05-17
ce4cc4d5,R Ninan,[],2011-04-16
5748e866,TD Paine,[],2011-04-29
063b3673,DH Yagnik,[],2014-05-13
b0c772ee,BJ Haddin,[],2011-04-22
c64c2443,J Syed Mohammad,[],2013-05-10
4180d897,JE Taylor,[],2011-05-04
469ea22b,KMDN Kulasekara,[],2012-04-28
d2d4bb0a,TR Birt,[],2011-05-15
b970a03f,M Klinger,[],2011-05-08
0c432afb,P Parameswaran,[],2012-05-20
1efb8a28,AC Blizzard,[],2012-04-27
943fd425,I Malhotra,[],2011-05-05
9b4935c8,CJ Ferguson,[],2012-05-19
16605a1b,AA Kazi,[],2011-05-11
d2340a43,Anand Rajan,[],2013-05-19
ddb00822,P Prasanth,[],2011-05-15
bae11797,Y Gnaneswara Rao,[],2011-05-18
29d72eb2,AA Chavan,[],2013-05-15
90edaaa9,S Rana,[],2014-05-24
62e07f92,KH Devdhar,[],2011-05-21
0af3426f,SS Mundhe,[],2011-05-21
67af6f81,RW Price,[],2011-05-22
18c78b11,RE Levi,[],2012-04-29
d4eef961,M de Lange,[],2015-05-08
557153ca,KK Cooper,[],2014-05-25
2e9fdf9b,DAJ Bracewell,[],2012-04-07
39f82db3,DJ Harris,[],2012-05-10
2f3817ce,TP Sudhindra,[],2012-05-13
f708a0bc,GB Hogg,[],2016-05-08
7d3720ba,RR Bhatkal,[],2012-04-12
1a0c3177,P Awana,[],2014-06-01
d718440b,V Pratap Singh,[],2012-05-20
94eac556,CJ McKay,[],2012-04-25
c9cac448,T Mishra,[],2012-04-17
1c2a64cd,A Ashish Reddy,[],2016-04-30
addbde6c,N Saini,[],2012-05-17
9a158001,Azhar Mahmood,[],2015-05-16
99b202b3,A Chandila,[],2013-05-09
cca50cd6,LJ Wright,[],2013-05-19
26ff4c29,RJ Peterson,[],2012-05-06
de4b0555,R Shukla,[],2014-05-15
53f27a35,BB Samantray,[],2013-05-22
f842c2cf,MJ Clarke,[],2012-05-19
f3171936,BW Hilfenhaus,[],2014-05-20
2461eef2,PA Reddy,[],2013-05-01
f4cb4f53,AP Majumdar,[],2012-05-19
27e71d47,K Upadhyay,[],2013-05-09
ee3dfa89,Sunny Gupta,[],2012-05-25
605b7efa,MC Juneja,[],2013-04-23
f21043a5,MDKJ Perera,[],2013-04-11
9868bc75,BMAJ Mendis,[],2013-05-04
0bf15e52,Harmeet Singh,[],2013-04-11
d68e7f48,R Rampaul,[],2014-05-24
4c4fa80b,SMSM Senanayake,[],2013-05-15
27af6414,BJ Rohrer,[],2013-05-19
e0407c01,IC Pandey,[],2015-05-16
30a2649b,CM Gautam,[],2015-04-09
1763bc6c,X Thalaivan Sargunam,[],2013-04-25
c03c6200,DJG Sammy,[],2015-04-13
cedc1d9a,P Suyal,[],2015-04-17
91b9300b,UA Birla,[],2013-05-09
6aed7e79,PV Tambe,[],2016-05-14
9170ff49,Parvez Rasool,[],2016-05-07
0164b064,MG Neser,[],2013-05-06
44afbf2d,NJ Maddinson,[],2015-05-04
5708d0b6,AV Wankhade,[],2014-04-27
272d796e,BR Dunk,[],2014-05-28
6f49cc6e,Shivam Sharma,[],2015-04-21
6dbcf855,VH Zol,[],2014-05-24
531f0278,K Santokie,[],2014-05-21
b56dc5f7,BE Hendricks,[],2015-05-16
012829ff,JW Hastings,[],2016-04-13
1647bd37,Karanveer Singh,[],2015-05-06
2c76b512,DJ Muthuswami,[],2015-04-26
b2b23612,RG More,[],2015-05-02
5b627626,B Aparajith,[],2015-05-02
1558d83b,GS Sandhu,[],2015-05-17
9a0146b3,P Sahu,[],2016-04-25
a9da7784,KJ Abbott,[],2016-05-21
ada15e88,PSP Handscomb,[],2016-05-01
d167edd3,SM Boland,[],2016-05-05
331ea488,UT Khawaja,[],2016-05-21
dce2019b,F Behardien,[],2016-05-21
b274dbbd,ER Dwivedi,[],2016-05-27
