franchise_id,franchise_name,name_variants,first_season,last_season
csk,Chennai Super Kings,[Chennai Super Kings],2008,2026
deccan,Deccan Chargers,[Deccan Chargers],2008,2012
dc,Delhi Capitals,"[Delhi Capitals, Delhi Daredevils]",2008,2026
gl,Gujarat Lions,[Gujarat Lions],2016,2017
gt,Gujarat Titans,[Gujarat Titans],2022,2026
pbks,Punjab Kings,"[Punjab Kings, Kings XI Punjab]",2008,2026
ktk,Kochi Tuskers Kerala,[Kochi Tuskers Kerala],2011,2011
kkr,Kolkata Knight Riders,[Kolkata Knight Riders],2008,2026
lsg,Lucknow Super Giants,[Lucknow Super Giants],2022,2026
mi,Mumbai Indians,[Mumbai Indians],2008,2026
pwi,Pune Warriors,[Pune Warriors],2011,2013
rr,Rajasthan Royals,[Rajasthan Royals],2008,2026
rps,Rising Pune Supergiants,"[Rising Pune Supergiants, Rising Pune Supergiant]",2016,2017
rcb,Royal Challengers Bengaluru,"[Royal Challengers Bengaluru, Royal Challengers Bangalore]",2008,2026
srh,Sunrisers Hyderabad,[Sunrisers Hyderabad],2013,2026
