franchise_id,franchise_name,first_season,last_season,matches,won,lost,no_result,tied_on_field,win_pct
srh,Sunrisers Hyderabad,2013,2026,211,103,107,1,4,49.05
pbks,Punjab Kings,2008,2026,278,129,146,3,4,46.91
lsg,Lucknow Super Giants,2022,2026,72,34,37,1,1,47.89
rcb,Royal Challengers Bengaluru,2008,2026,286,145,138,3,3,51.24
kkr,Kolkata Knight Riders,2008,2026,278,142,134,2,5,51.45
rr,Rajasthan Royals,2008,2026,251,125,124,2,4,50.2
gt,Gujarat Titans,2022,2026,77,47,30,0,0,61.04
rps,Rising Pune Supergiants,2016,2017,30,15,15,0,0,50.0
csk,Chennai Super Kings,2008,2026,266,148,117,1,1,55.85
dc,Delhi Capitals,2008,2026,281,129,148,4,5,46.57
ktk,Kochi Tuskers Kerala,2011,2011,14,6,8,0,0,42.86
deccan,Deccan Chargers,2008,2012,75,29,46,0,0,38.67
mi,Mumbai Indians,2008,2026,291,157,134,0,4,53.95
gl,Gujarat Lions,2016,2017,30,13,17,0,1,43.33
pwi,Pune Warriors,2011,2013,46,12,33,1,0,26.67
