venue_id,venue_name,city,matches,avg_first_innings,highest_total
kanpur_greenpark,Green Park,Kanpur,4,161.3,197
dharamsala_hpca,Himachal Pradesh Cricket Association Stadium,Dharamsala,19,191.2,254
kochi_nehru,Nehru Stadium,Kochi,5,146.8,162
delhi_kotla,Arun Jaitley Stadium,Delhi,104,171.8,278
jaipur_sawaimansingh,Sawai Mansingh Stadium,Jaipur,68,169.1,229
vizag_acavdca,ACA-VDCA Cricket Stadium,Visakhapatnam,17,169.5,272
dubai_intl,Dubai International Cricket Stadium,Dubai,46,163.8,219
lucknow_ekana,Ekana Cricket Stadium,Lucknow,29,174.8,235
abudhabi_zayed,Zayed Cricket Stadium,Abu Dhabi,37,158.9,235
guwahati_barsapara,Barsapara Cricket Stadium,Guwahati,8,168.9,202
mullanpur_maharaja,Maharaja Yadavindra Singh International Cricket Stadium,New Chandigarh,17,186.6,254
indore_holkar,Holkar Cricket Stadium,Indore,9,160.3,245
raipur_vnsingh,Shaheed Veer Narayan Singh International Stadium,Raipur,8,154.5,194
johannesburg_wanderers,New Wanderers Stadium,Johannesburg,8,144.0,166
cuttack_barabati,Barabati Stadium,Cuttack,7,167.7,231
rajkot_saurashtra,Saurashtra Cricket Association Stadium,Rajkot,10,168.9,213
bengaluru_chinnaswamy,M Chinnaswamy Stadium,Bengaluru,104,174.1,287
mumbai_wankhede,Wankhede Stadium,Mumbai,132,173.1,249
durban_kingsmead,Kingsmead,Durban,15,152.0,211
nagpur_vca,Vidarbha Cricket Association Stadium,Nagpur,3,149.3,159
pune_mca,Maharashtra Cricket Association Stadium,Pune,51,162.4,211
kolkata_eden,Eden Gardens,Kolkata,107,168.6,262
mohali_pca,Punjab Cricket Association IS Bindra Stadium,Mohali,61,168.3,257
portelizabeth_stgeorges,St George's Park,Port Elizabeth,7,159.0,187
eastlondon_buffalo,Buffalo Park,East London,3,147.3,178
ahmedabad_narendramodi,Narendra Modi Stadium,Ahmedabad,53,180.7,243
hyderabad_rajivgandhi,Rajiv Gandhi International Stadium,Hyderabad,90,168.3,286
navimumbai_dypatil,Dr DY Patil Sports Academy,Navi Mumbai,37,159.6,216
ranchi_jsca,JSCA International Stadium Complex,Ranchi,7,149.0,189
chennai_chepauk,MA Chidambaram Stadium,Chennai,98,165.6,246
sharjah,Sharjah Cricket Stadium,Sharjah,28,159.0,228
capetown_newlands,Newlands,Cape Town,7,139.4,184
centurion_supersport,SuperSport Park,Centurion,12,154.8,189
bloemfontein_outsurance,OUTsurance Oval,Bloemfontein,2,135.0,150
mumbai_brabourne,Brabourne Stadium,Mumbai,27,178.5,217
kimberley_debeers,De Beers Diamond Oval,Kimberley,3,158.0,169
