venue_id,venue_name,city
abudhabi_zayed,Zayed Cricket Stadium,Abu Dhabi
ahmedabad_narendramodi,Narendra Modi Stadium,Ahmedabad
bengaluru_chinnaswamy,M Chinnaswamy Stadium,Bengaluru
bloemfontein_outsurance,OUTsurance Oval,Bloemfontein
capetown_newlands,Newlands,Cape Town
centurion_supersport,SuperSport Park,Centurion
chennai_chepauk,MA Chidambaram Stadium,Chennai
cuttack_barabati,Barabati Stadium,Cuttack
delhi_kotla,Arun Jaitley Stadium,Delhi
dharamsala_hpca,Himachal Pradesh Cricket Association Stadium,Dharamsala
dubai_intl,Dubai International Cricket Stadium,Dubai
durban_kingsmead,Kingsmead,Durban
eastlondon_buffalo,Buffalo Park,East London
guwahati_barsapara,Barsapara Cricket Stadium,Guwahati
hyderabad_rajivgandhi,Rajiv Gandhi International Stadium,Hyderabad
indore_holkar,Holkar Cricket Stadium,Indore
jaipur_sawaimansingh,Sawai Mansingh Stadium,Jaipur
johannesburg_wanderers,New Wanderers Stadium,Johannesburg
kanpur_greenpark,Green Park,Kanpur
kimberley_debeers,De Beers Diamond Oval,Kimberley
kochi_nehru,Nehru Stadium,Kochi
kolkata_eden,Eden Gardens,Kolkata
lucknow_ekana,Ekana Cricket Stadium,Lucknow
mohali_pca,Punjab Cricket Association IS Bindra Stadium,Mohali
mullanpur_maharaja,Maharaja Yadavindra Singh International Cricket Stadium,New Chandigarh
mumbai_brabourne,Brabourne Stadium,Mumbai
mumbai_wankhede,Wankhede Stadium,Mumbai
nagpur_vca,Vidarbha Cricket Association Stadium,Nagpur
navimumbai_dypatil,Dr DY Patil Sports Academy,Navi Mumbai
portelizabeth_stgeorges,St George's Park,Port Elizabeth
pune_mca,Maharashtra Cricket Association Stadium,Pune
raipur_vnsingh,Shaheed Veer Narayan Singh International Stadium,Raipur
rajkot_saurashtra,Saurashtra Cricket Association Stadium,Rajkot
ranchi_jsca,JSCA International Stadium Complex,Ranchi
sharjah,Sharjah Cricket Stadium,Sharjah
vizag_acavdca,ACA-VDCA Cricket Stadium,Visakhapatnam
